-1.86534066245611,7.30845591176443,1
1.8543259446538,13.5673021375715,1
2.48326286990036,13.1675028238411,1
3.12940962838601,11.3859845761691,1
-0.435131317247475,9.93740904035674,1
-2.79341366549707,6.10669110479368,1
-0.525633893027271,8.2904832240244,1
-0.537923762622258,8.29834781862801,1
-5.66323917717499,4.50655324986574,1
-1.67246452905221,9.11966676709656,1
-0.148925185448806,11.5285220695268,1
-1.45463115243077,9.05236525537843,1
-4.46363759067784,5.411308748301,1
-0.599664903351575,9.26461762061796,1
1.13008036425625,14.6689964868594,1
-4.92965833439549,5.17546123064679,1
-0.357224169071297,9.62406396463184,1
1.87264193928971,11.0551617030623,1
0.820481502586229,10.3619704922461,1
-4.06723324951686,6.51076627308991,1
-0.189658384039456,10.01903221164,1
1.03987893835121,14.6986077322995,1
0.15515083394425,10.5216057029577,1
-2.90934369057121,7.10377590381398,1
-1.05466797166647,9.82174122211337,1
3.81104082664458,12.0218723207515,1
-0.176835266500018,9.56246974839079,1
-1.3130114459309,8.02072093400921,1
-5.6997011277638,3.47984371290529,1
-0.578288631252262,8.28647399500559,1
0.601938461791969,10.989279466691,1
2.15616597473387,12.8361537037631,1
-0.290036744257628,12.346251262957,1
-0.771931379078361,9.36798345885353,1
-3.36436746804247,7.42356417913675,1
-1.27830278810734,8.33180412817613,1
-0.453323853521004,11.7258799757047,1
-2.82163643193583,6.92139882127473,1
0.991054241215737,10.1065954756029,1
4.12232108684994,11.7743231939922,1
0.591772850487501,7.85923858874621,1
-0.264576336318541,8.91471333307147,1
0.020803259266803,14.4620781379351,1
-0.688907696626579,9.83623102155303,1
-0.217098836500134,9.79662793906438,1
-0.564938321069514,10.115477251086,1
-1.12318309503524,8.78211125865994,1
3.09123240917025,11.060321495801,1
-1.3605789415832,12.6249142997403,1
-1.89527687023355,8.74968085434124,1
1.7007069252552,11.4430842185034,1
-3.59159108665504,6.7327148331606,1
2.5878262062669,12.8375028931809,1
0.210608757554572,10.0965869360989,1
-3.49363403065972,6.32607322783386,1
0.940268293302334,14.010694524463,1
1.32654514144098,10.0440689311744,1
2.2930888186281,11.1719088348853,1
0.523072184904997,10.4605883484986,1
-1.13876139381424,7.9915226089388,1
0.718831745540203,11.7292703794904,1
1.00456560669594,14.3914010382738,1
-1.42046077855901,8.15751762967918,1
0.758629446102029,10.7243373805004,1
1.30928048178918,11.6293540305234,1
0.611769826859894,10.5164821580693,1
2.53109969862968,12.0698074584941,1
-0.262358456158748,10.7199324634359,1
-3.24212408970288,6.13144050704105,1
1.36857101485904,11.2441910864273,1
1.80756089061866,14.56771174968,1
-3.383980487019,6.40549473945281,1
-1.12565130494463,9.12408727952268,1
2.06130973454192,11.429736240749,1
-0.0822753857366514,10.7272203091333,1
1.70804850085065,12.2927954367981,1
-2.30206960673666,7.29088954155597,1
0.625514324696453,13.8676753808678,1
-1.4338956431786,8.94194421497944,1
1.87657469208977,9.64696365713299,1
0.500589945701133,11.7027280645209,1
-0.458547415251837,9.07573602740138,1
3.22115847897321,12.8027220819361,1
2.03398304295928,16.043315088084,1
1.05764642766781,11.1291918077643,1
4.12268258670008,11.7195971718318,1
-2.80930778112502,7.43915894300152,1
-1.63796383761061,9.25990639474323,1
2.88511240127615,12.5626151918658,1
0.998015839280235,9.94338685996354,1
-2.03459675492006,7.22670526549645,1
2.68591296439023,12.7475516790736,1
-0.665829139009976,9.04544737585632,1
0.533282868629943,12.6183347592351,1
-0.102383784251126,10.8794559349972,1
1.17803140645629,11.4093591768285,1
-0.415800080099557,8.66093400843199,1
0.291991012415088,8.4034000856625,1
0.254458314187205,9.79827212176969,1
-1.60863677297119,8.77545790594639,1
1.5496412967562,13.711347367865,1
-2.36029681832857,7.51029852630209,1
-3.31565169576775,6.19371464576884,1
-2.19840481306547,8.24594958100801,1
1.34718563912099,9.53217616037943,1
-0.138516761541775,10.3695108936923,1
0.985373156199985,10.2737522006792,1
-0.204508882564187,9.34834560838006,1
1.37634149106291,12.1638779173081,1
0.485489321246764,11.7671781536017,1
1.12891415964557,10.8373741541767,1
-0.70554061048524,10.4442718568357,1
3.35112933046408,12.0148611371422,1
-1.43484076820174,9.99679033657207,1
2.27046012675944,11.9571691270298,1
-2.77383477699205,6.77301704545088,1
0.331136535736806,11.6537620622466,1
-0.561212525890048,10.6393757554562,1
-1.09048643041116,9.243964880574,1
2.16160059432954,12.6996528361052,1
4.85602289135205,12.4039017565924,1
3.83550229931485,10.8282067324233,1
1.12920759985909,10.4268474052624,1
-2.18129299870669,10.4096307079721,1
-0.902509192950098,9.22401638422805,1
-0.789086750255501,10.2674722191936,1
-3.56958154702385,6.4563052088105,1
-0.920601250106915,8.68028847159548,1
-2.24070165551209,9.24966837364458,1
1.15631138941081,12.8156317270994,1
-2.44431816221458,7.54177683803236,1
1.62567385732426,10.8943484242709,1
-0.125577592744571,13.0472539175428,1
-0.663941424929941,12.6364994839921,1
-0.818009810442904,8.96041354185347,1
1.25385854905309,12.1766044661805,1
-1.73633578233137,7.50045703411129,1
1.88597351771119,11.5919461834152,1
-1.43499185807157,8.42703079574633,1
2.54803739599154,11.3004564821729,1
0.476014231452747,9.03558497155905,1
-2.27089738739023,7.9234282466046,1
0.0139062865997572,7.68488969848975,1
1.52298006926241,11.4182998113604,1
2.13111520485089,11.1350205483437,1
-0.258800009685615,9.68583502151806,1
-2.85751453148378,6.8441290922077,1
-1.48531633731918,9.35095996594801,1
-1.19823621084768,8.64575094113858,1
0.484477199758946,12.9122704845147,1
-1.08017924837043,9.21893481828544,1
-1.38224848175513,8.606355407309,1
1.15142783928075,10.6213836276555,1
0.686801606981817,12.4101848658345,1
-0.396280424211186,9.26489994836115,1
0.542950319165419,12.7004575075232,1
-1.63439143365443,9.0431671281879,1
-2.36054771954594,6.8886709850232,1
2.04735471167385,11.2249151147856,1
0.745485950369445,10.4325810725015,1
-1.54740747927632,7.69169421118719,1
-0.766288218848271,8.75148353005403,1
-0.685564813367251,12.1029761868448,1
3.87514505850296,10.1649924895959,1
1.03438332059475,10.2091393476462,1
-0.657332522355659,8.50868384448271,1
3.64969379407364,13.5893176783482,1
-2.52120861991663,7.02808377767595,1
-0.518062282679858,11.2913259852774,1
-0.710738603632037,8.85458604924452,1
0.79849870394418,10.9787770072749,1
1.74806558764501,14.3986834969346,1
1.91877543413907,10.6473813660097,1
-0.357837134871876,9.58328627786584,1
3.59837213380474,11.1915538017774,1
-0.813901984304342,8.63566916889414,1
1.9416400993278,13.1337503793021,1
-1.37963226299559,8.16340158283468,1
0.552822083833281,9.84366249488182,1
1.86075898318228,9.22677792919014,1
-1.06463910179697,8.57102762260195,1
-3.32043868516021,6.40135002461525,1
1.82696765685447,12.2805554583865,1
-1.37087002222819,10.2630801678106,1
2.35101516799018,9.20169241275414,1
0.541862409008216,9.93231033280195,1
-2.05026128026942,8.94732955128107,1
0.581335689495857,9.87887835162727,1
0.994188569360255,13.5316643999284,1
-1.49692701679397,7.45650661867684,1
2.03593338260253,11.4407415881758,1
3.85698905849923,10.8309300490162,1
0.383359980690271,10.603208506553,1
2.91058598292567,14.4878374587306,1
-2.63422082269887,7.52867611320644,1
1.10407534447953,12.4950661394003,1
1.89429600693537,10.2508164273401,1
1.66004781475648,11.8113643237753,1
2.08256625849636,10.1346250567377,1
-3.08086474169525,7.741979057894,1
-1.44564993841945,9.11312629703965,1
1.75101786401461,12.4643230275203,1
1.44245342831865,11.7155416031117,1
-0.686664282423021,11.9698861479261,1
1.04275557336784,13.3805546856869,1
-0.858907571102946,11.1412347300566,1
-2.40141318730716,8.39595943511164,1
-1.65797504652316,9.43647440608062,1
-1.49802953816024,8.33787053481742,1
-0.145076848406469,11.3397312990462,1
0.670417601336828,10.2569583647624,1
0.2210758349082,9.26755729281286,1
-0.795165315755098,7.56591923994803,1
-0.372429996636815,9.01916321033897,1
-1.5211323498947,8.52489849615634,1
1.5960058578416,13.3968132350386,1
-0.745639039249074,11.5800080016699,1
-1.78084338041707,8.67371760430662,1
-0.338372307982616,10.0387786920784,1
0.0379761381875576,10.2069746700743,1
0.868496286249035,10.0368542574767,1
-3.73071934184627,6.30912330689018,1
1.39773190335129,9.3521505674008,1
1.18964836958316,11.1629546524733,1
3.01010348705087,14.4043370442548,1
-0.878261786099626,9.21759100537471,1
0.858711966202894,10.6851346905613,1
1.10356259317433,13.913591442031,1
-1.21897313243636,10.9390370113104,1
3.21633521227765,11.5676081218948,1
-1.10445044144157,10.9020530680566,1
-3.72469082639692,6.34713244565543,1
2.63106905006076,12.3434299390653,1
-0.0320557649194523,8.11359607160309,1
3.46853597870693,12.5111568481037,1
0.617545230504029,10.5916293180364,1
-0.497347188059281,12.6757609759357,1
-3.03968396162367,6.45547299013713,1
0.546599968831713,10.0906688897404,1
-4.21361608940002,6.90717618662485,1
-0.329205371446724,10.6356321899742,1
-1.14815189788549,9.55842995749567,1
1.25613847174739,11.8772149793125,1
-1.11201591187966,8.59251753518013,1
0.182959574563235,11.6290910104063,1
1.24937971680921,8.68130097425352,1
2.16788641054256,11.0233114881652,1
-0.803642715428302,12.0344877355092,1
-2.90388846360821,7.67128289118492,1
2.0236811071573,10.180057040081,1
-1.15685831594266,8.59139386714846,1
-0.388318123743944,8.19587247476142,1
3.30178255103418,13.6216402783214,1
-2.73210426034974,6.50904073442256,1
2.84394723681965,11.7195545825339,1
0.423815672961082,12.2650676431166,1
0.199915712945829,10.4222033092573,1
0.931263166755161,10.710892448728,1
1.02825532391019,11.1691089236871,1
-0.415990166529038,9.38334346901494,1
2.21596443918756,11.2307395098928,1
-0.477645471885511,8.77832232695146,1
1.85483967063153,12.9529132684465,1
2.32396653232047,9.39691069097899,1
2.84943332928774,10.3892047554529,1
-1.51849784216434,9.89434759882049,1
-1.42835016564939,8.79997005819085,1
-1.44782880345242,8.68841441409912,1
2.35355479940077,12.5469155250917,1
-0.785964501531888,8.16317135705239,1
-0.626342948922556,10.4980280345903,1
2.59862488367537,11.5297905520223,1
-1.31579410233257,9.40308219730714,1
-1.83945675615305,7.49419487007329,1
-0.348851521019899,10.3245996655218,1
0.799644697650707,9.11935012248436,1
-3.32272723064945,6.61447770974743,1
0.056118026114576,11.7232015499642,1
0.4866471607611,8.85312864217091,1
0.775894624066648,12.5539970083981,1
-2.01285095946972,7.47153301310642,1
-3.30472979166632,6.57277461055746,1
0.141157174175514,8.18836351407171,1
-0.00455475319332876,10.9402731526015,1
-3.72398584469572,7.70756644680053,1
0.378708557776023,9.46609999912653,1
0.31285597367097,8.7971242329022,1
4.07172086429105,11.0396818198529,1
3.27784366139459,11.9916538128515,1
-0.991161846882107,7.94306935451294,1
1.12564831409217,10.531155925136,1
0.502283937677257,11.4129881512451,1
-1.02100545505832,9.89814363935658,1
-1.97377947329675,8.84763874236606,1
-1.59448016111641,8.04776740635838,1
0.563274362228192,10.0198247938422,1
1.24208012372981,11.0930793401473,1
-1.74445051469655,8.65982370093118,1
3.69538081054338,12.284188341242,1
1.25637677750088,10.792064893026,1
1.3591779894653,9.09390250121724,1
-2.12978163433752,7.11584174294796,1
-3.04144834304339,7.30545103014425,1
4.04554838880799,10.9895131264011,1
-1.67302220939113,8.62699702478804,1
-0.182663351339354,9.72362953624034,1
-3.90533958832589,6.37880737566594,1
-2.23096766458031,6.69731395839479,1
0.499796625720251,12.294022439008,1
1.66293410362503,12.1806691401065,1
0.713346462296459,11.3121257141759,1
-1.11068107966131,8.57415871529083,1
1.46803462509412,10.5919856250077,1
-2.29572614073184,7.95064033058419,1
1.79297568315886,10.1318627856746,1
-0.272254049992749,10.253946985151,1
-4.13837877809736,6.5785939960383,1
2.16154997035133,14.9655893859588,1
-1.20595073224526,7.36805677364527,1
1.93113336332503,9.18081113081121,1
-1.81219375056355,8.96756272543469,1
0.635591248948131,11.0906883767875,1
-3.44831991368595,7.29884751682681,1
-1.19869968238156,10.7628913741805,1
2.74463891616912,10.5031559698464,1
0.824720221117959,10.0875876692498,1
0.177761113612691,9.26843326903005,1
1.5795164964227,11.6706123112289,1
0.986052967085445,11.673398915495,1
1.20242306407392,12.6153970610095,1
0.0942869242047908,10.1390320292732,1
-2.81031388501871,7.50154256355824,1
1.4489253306668,9.71334332776237,1
1.93236029668679,12.1084012695498,1
0.0260206487875284,10.9323427859891,1
-1.80146947380899,8.60635544062055,1
-0.00621720748558921,10.5351700683395,1
0.907423472287846,10.4336717857768,1
-1.36048507836698,9.48407032893681,1
3.1380082081261,11.594754041435,1
-4.28253847967084,5.87233173053688,1
-0.0728451773232345,9.28718610673897,1
-0.219327044257438,10.2137745984769,1
-1.70681352049239,9.83486510105521,1
0.489437737041636,9.5888283323622,1
-2.91760387460585,7.07086182495309,1
-3.55394578731407,6.48061905799417,1
-3.63515734443034,6.37422594275568,1
-0.488446717543626,10.5262212779172,1
-0.690632092909961,9.5306587864096,1
1.90445487532231,13.0857345662924,1
0.149032240124366,9.62903534286388,1
2.188661288652,14.0804320044426,1
2.97938401784595,12.3505609293745,1
-1.06278097820007,8.85824559928023,1
3.07681556904573,13.186145267723,1
-0.00679029138452189,9.97559903797772,1
2.1357264893005,11.2011344307638,1
-0.689033268995599,8.77740449806261,1
-0.851704545175405,8.50845382349263,1
-0.706468356379095,11.1820567791796,1
1.397881485789,8.20034829001551,1
-1.54173704373987,8.13074690161236,1
0.107827068648301,9.89373304103005,1
3.0803948925375,11.8733950274335,1
0.399423240872858,9.50737496191167,1
-2.29439935816374,8.49936281310424,1
1.7755292182658,9.83137512371283,1
1.2944770719103,9.69309986740546,1
-4.18630008776564,6.11741009594293,1
1.66897361081499,10.9737384039583,1
-0.141623357814341,10.9552650409436,1
3.6956902414736,15.6075376338751,1
-0.191145736216956,8.91074888028634,1
-2.10122401134377,7.62078891649719,1
4.01411831812999,11.6253525288108,1
1.4178003084994,11.1721543568208,1
-1.13776093628158,8.04335442561008,1
1.2536161512029,11.3402133975724,1
-0.426633404532378,9.30345454137318,1
-0.433564344697457,9.08486340037852,1
5.79313586862187,12.8557220993835,1
-0.436733321606906,11.781902403397,1
-0.314311129463431,9.48943960598313,1
2.76072088213439,10.7494782824529,1
1.92888070650469,12.226353241162,1
-2.30824331438609,7.18429603369193,1
1.18814588375439,10.4855239770488,1
0.998997595261806,11.776173174245,1
-3.04212154952677,7.86020526853773,1
1.90307739264152,9.22801385711744,1
-1.7803330853986,10.527968549381,1
-1.43479328942289,6.94354091276385,1
-0.645073897592015,11.9314576527824,1
-1.74559557852525,7.05923209577977,1
2.51989335837745,12.1746038747146,1
1.30771533559806,11.246874591368,1
-0.286471834786249,8.44621833857607,1
-1.06564918908691,8.2336059330273,1
-0.43731720756392,11.0715872637189,1
-2.8712506898806,7.13118024990565,1
1.70740239556193,9.5725013202638,1
3.82586815160255,9.92298761143243,1
0.660068040396955,10.6511082612153,1
-1.60233456881571,7.72571581535714,1
0.767631706443027,10.2213546932793,1
0.0985812224282833,9.31671601270444,1
0.426625566455283,8.29354619214019,1
1.60156668782011,12.352563800818,1
2.59193856358614,13.1721464812723,1
-0.476625034021338,10.7672866360634,1
5.10480304880255,12.2387315606731,1
3.87911101613473,13.3828335394649,1
2.10191981979573,11.687028317644,1
-0.251834678578048,10.7917676639969,1
-0.764898875731619,10.8263475894744,1
0.417541759693038,9.90167729111031,1
-2.01503450117555,8.09993718054177,1
0.353818090287801,9.44881268204722,1
-0.892544164607895,8.68390367067077,1
1.52685331714672,10.4771874035147,1
4.70705713643123,9.7510083619764,1
3.65981602110574,9.66402871951802,1
1.38420949298654,12.2826885591416,1
1.20859439681021,12.3466525243157,1
1.34196255395724,11.9300430360723,1
1.1322494061686,12.9935959384019,1
1.69159828801111,10.5569588522233,1
0.255354340751017,9.79329813323798,1
-3.00594655972102,7.22475118406727,1
-0.890924454372209,8.30988854761239,1
-3.21427498185748,6.538328392789,1
-1.23180371850163,9.79561043003539,1
0.632599586378702,10.0982311957953,1
-4.48531142313914,5.33995689515802,1
-0.436268310693572,8.60288349826789,1
-0.836299751050842,10.7246627681025,1
-5.64870865042454,4.27654521127327,1
1.67732040775095,12.1270703903193,1
0.887225301533384,9.19920275234351,1
-2.44921533463162,7.2011672964889,1
-1.93770963049206,8.484725751338,1
0.53572939331941,10.192022334888,1
-2.30942796385115,8.83531442668557,1
-0.0754380638509937,14.1860396542856,1
-1.06916032307221,10.7773992979412,1
3.27572232424379,13.6745114107103,1
-1.04509679106037,14.5641091388254,1
0.644651308345474,10.3392701569183,1
1.93551175794174,8.99090950170124,1
-0.94411181382928,8.61058176117514,1
-0.091176384136291,10.5867946299347,1
3.4996719617541,10.8979301530458,1
3.62540010720273,13.0952092735515,1
0.784427069974747,13.9428776526316,1
-0.978370293821965,9.98966518965183,1
1.5584492324325,11.7750345812457,1
0.960738852019751,12.5771769527491,1
1.76583154427244,11.3972786899587,1
0.586574578521362,10.4285986240437,1
-2.7647988560033,7.28744810277642,1
0.78459605612763,10.1888866344369,1
0.692256434178845,9.95338588106514,1
0.0861982207593873,12.6802970745671,1
2.16383467607982,15.1292133068819,1
1.94292557006927,12.3467231058999,1
1.45526007566082,11.4773330610908,1
-2.97497610501566,8.71423150155143,1
-0.915632013947806,9.53224679738505,1
-2.19131939313837,7.70244665247604,1
0.462583559812592,10.8025997994573,1
0.259820823919715,11.1997627508787,1
-2.02315693576502,7.70749583356288,1
-2.36102735806069,7.1925880674609,1
-1.42129643687312,8.10452460042608,1
2.49728222059331,14.0034279793079,1
2.5637423055139,12.4225435508679,1
4.07742008784185,10.9902427879091,1
-0.00356215380160386,10.9666814150679,1
-1.31476833393359,8.50936388469325,1
-1.31552451924452,12.4177971071472,1
1.58047248459455,13.2214303186045,1
-2.23216091909233,9.07103332201946,1
1.22668737670404,10.9033853255018,1
1.81024452631437,11.2329136518937,1
-2.33766511001118,7.63109291138266,1
0.60088222887158,9.65904955771399,1
1.18531668354224,11.3084831604828,1
-0.800703683351483,11.029577955779,1
-0.440825688723659,9.19460472991082,1
1.14451488651965,11.7578375279675,1
1.72999413082142,10.4130925790088,1
-5.01512369362646,4.82969204209252,1
-1.95680139754688,7.56576647237238,1
2.96558834832019,11.9276943628336,1
-1.39557695144397,7.90236779168817,1
-1.78314811261977,9.85938128896658,1
-2.52614975349431,8.25074455162949,1
0.74498775325525,14.4506101120069,1
-1.6393908328828,9.45147828824711,1
-1.08810822843834,4.19346259443034,2
-0.661012027410008,5.08548028360491,2
2.8585743434959,7.45236592358787,2
3.52688575705486,8.99442963888515,2
-0.121660384014737,5.24779882888081,2
-1.15592723700505,3.91732117607851,2
-3.30531244293422,3.1770913667762,2
1.53439032892957,6.19798920407521,2
-1.69173912889913,5.03196061368623,2
-1.78015955695761,2.98021423643994,2
2.26275375785531,7.76120986182492,2
-0.259519584914782,0.695274185402766,2
-0.955514098886179,5.31076122820976,2
3.19312758804807,8.57620107533614,2
-3.65429169533626,1.15940117411497,2
-0.923939806511458,3.44493798360472,2
0.673372021320716,5.4090812814538,2
-0.99895867943604,4.48509532406251,2
-2.54329343254529,2.8343380688756,2
1.48853926806496,6.24187016923204,2
-7.99810708259083,3.66106899329294,2
1.68953129970225,6.73571385013932,2
-6.77615896084803,3.89460264993883,2
-0.128188335424948,4.81734507418582,2
2.09548850775311,5.74371638324545,2
-0.25523160059903,3.80551209011137,2
1.43449696806596,6.1158321559097,2
4.0000130726699,8.72682981364957,2
0.918412046131605,5.97002896248585,2
0.710093884495233,6.34914456418113,2
2.15982757498462,7.25744997262256,2
-0.827365057582665,4.88114230024247,2
0.71808874754484,5.79153080116637,2
-3.15003967875633,3.51685231574188,2
0.786379701376063,4.43096567736657,2
-0.737451494179902,4.58884393564268,2
1.63930225992353,6.59493540739378,2
2.95675693727523,7.19103708657278,2
-5.28616488785352,3.00312350216572,2
-3.16307336529595,4.65544082522416,2
-1.81139103881597,2.75959945697458,2
0.68157432788121,5.68205876563176,2
-0.136387738896823,6.77850769105351,2
0.703423792209912,7.13574930998731,2
-2.89491167964305,3.51130592646368,2
-0.627501467572435,5.53402382365866,2
-0.0776090037217601,5.643280133909,2
-3.59889310277567,5.04034438698113,2
-5.06135809202825,0.580871919048689,2
-2.80789452076523,2.56114188511146,2
-4.20049050312603,3.14959674464363,2
2.00194480470304,7.38801268480822,2
1.62369122595112,6.79781624155801,2
6.31131367718675,10.9103880806754,2
-1.74163620378081,5.19782809019013,2
-3.79451756068433,2.79657067247399,2
-0.927030940318516,5.55510742036241,2
1.88020175852535,5.49633210048347,2
-1.87076214344079,3.63170428591323,2
-1.81343513506477,3.58689259603965,2
0.733787205646537,5.05288612310174,2
-0.824911659920019,6.05282168686865,2
-0.623535844889389,4.72799889728591,2
1.3801692191601,6.52801284133792,2
-0.311661848569873,4.22775651730651,2
0.696713210175228,5.10402475577255,2
-0.775875747114751,4.32614719336538,2
-1.57114195580805,3.70059123122013,2
2.54245278851634,5.99277693373969,2
-0.168053572308105,5.22694051641165,2
-4.98975317125963,3.15072709052432,2
-0.772996987010155,3.52858979277299,2
-2.08499415838332,2.51408658863271,2
-1.54351375391671,3.2758055817229,2
1.27935086883752,5.19186998375785,2
0.574247362133192,4.08812828275619,2
1.38038695328971,6.72882763197191,2
-0.335286736736927,3.10664248681452,2
2.38394028408569,8.15212074276561,2
0.987707011120825,6.82205605457837,2
1.50299009120935,4.25957196462114,2
-0.610090263325368,5.60135340454986,2
1.91198266671381,6.68390728448445,2
-1.4283725028507,1.9575792514444,2
1.4555963075353,5.99357346760808,2
-1.45312375909943,3.62529408088753,2
0.781410795054473,6.60976135118586,2
-0.089028293331215,4.40560388086407,2
-2.70500564404349,4.66158909794243,2
0.12035442363005,5.40238380881458,2
-1.9824273681829,5.53907668184139,2
0.249687678528102,4.35466761700332,2
0.055551731548707,4.97690634326277,2
-0.418819239765485,3.52591844049728,2
-1.33381175306725,3.73891153910309,2
0.937782370854738,5.35414331034407,2
0.714981788131961,2.44063955055314,2
-1.94955453483869,2.77149434596465,2
1.62502671600179,8.7496237308063,2
-1.51331487817874,1.61473605510321,2
1.01812440218521,6.04472657299143,2
0.940555892242716,6.01821769014357,2
-0.163357184304891,5.85915970937059,2
-0.356695772343524,5.20003855604694,2
-0.109335602621956,3.61673381838611,2
0.251309550181848,4.64620181656897,2
-1.78799917041503,5.16624939362227,2
-1.3527572678993,3.47385156957547,2
-0.0824987993094133,2.53035469897672,2
1.02357480542956,6.20707427767262,2
-2.15293645577356,2.01600959831928,2
-1.26994343488446,6.8015380903462,2
-1.2287782614872,4.72379284628969,2
-0.0961901479616802,3.36186553230767,2
-0.594007901251853,3.95714585043946,2
-2.85173269710078,2.92484815267778,2
2.24045534050968,6.73066815558732,2
3.05736647717288,8.02242430762918,2
-1.14860939103589,5.23899093465335,2
-1.83626500742211,3.05797953484837,2
-0.206800106785077,3.57702863219399,2
-1.04286423240922,3.6207674441048,2
1.25325360528078,6.05809295926696,2
2.64392545778168,5.79359402662351,2
2.42341798922927,7.85575303115602,2
0.949060772279924,6.57960278768015,2
-3.18080337491017,1.24738579897476,2
1.45971578323291,6.93604634766848,2
0.896267550017277,5.58631989906463,2
-0.290865222338855,5.7154361258355,2
-1.71315367387065,1.74209230912937,2
-1.40066302876228,1.81553590188772,2
0.658448393371457,5.99667124540659,2
2.90705976520186,7.92032376663084,2
-1.82465119285378,4.27188306827077,2
2.54400230161192,7.97173212455763,2
-2.31977929194255,1.49199695711851,2
-0.739549467858213,5.19644327990595,2
4.93001126993547,9.78476225734784,2
-0.685626604420431,0.196018408251851,2
-2.33647979337192,4.37542931253316,2
-0.0485092798638315,3.79870693643228,2
0.182029357102037,-1.87084963432995,2
-0.082812420707454,4.78929963203795,2
-0.79047612721868,4.80877881022177,2
0.722732179575121,5.86586264108836,2
-2.61036610665523,3.02721512821873,2
-2.76849671168192,1.55905212683009,2
1.93326135533713,5.89257284683078,2
1.46791156907577,6.1266235222862,2
1.04186255271293,5.99384210687014,2
-2.32073648525084,6.53932294893004,2
-1.33674038166309,0.890451289591614,2
0.585937447762356,5.99446406596163,2
1.91532782823312,6.3308564988549,2
-0.0121514642573533,3.3563454091035,2
-0.00684982679407717,4.38635487466912,2
-2.39780111594645,1.61068325687213,2
-0.0278258751448708,3.58605198770104,2
-0.179724660432449,6.3605525312824,2
-1.55819405115524,3.53546827248001,2
-2.19879510832928,5.16687440993761,2
-0.186574424934327,5.3537143728342,2
-1.46663621200275,1.5610638945525,2
1.02288228286082,6.15846370968154,2
1.04708402234392,5.19489872303827,2
-0.672626539808979,3.49164418097092,2
-0.104519888623503,4.67018623210769,2
-3.75689458434105,3.29890403792041,2
-1.73148597664363,2.84095965276367,2
-0.0251910363413965,2.65258316360458,2
2.90487893168295,8.17629733908425,2
2.10879585757272,7.32472345714098,2
-1.24334719865587,2.53066194170707,2
1.46452603089148,5.96587457988103,2
-1.00860924038945,4.30475748709131,2
0.740314592373078,5.19939144462301,2
3.06866893031063,8.29818479682329,2
-0.801839095667407,5.52874685271561,2
0.190184801993045,4.42370500236041,2
-0.564509512413663,4.41402077948569,2
0.885762550954927,6.84571303453591,2
-0.164494497618399,3.22772524445512,2
-1.43082108480842,1.82028935992879,2
-3.73708875076655,3.86552163055905,2
4.48799636431328,9.65432280001236,2
2.26090322545746,6.409973466371,2
-1.26600910770925,3.43483977696364,2
0.47157372895484,5.26222572791601,2
-2.04642999656461,4.47573080893402,2
-0.71373561050524,4.16411492251707,2
3.7308436669163,8.46267036852823,2
0.0589650715179105,5.00699544990706,2
-2.05544560660248,3.4199580943141,2
-3.77895238677529,1.83769273519024,2
1.07247846613339,6.49654511536871,2
0.269299265703525,3.80877850829493,2
-1.10577515232585,4.00689252655487,2
-3.59487501455682,2.87966082495752,2
-2.61024827842809,4.81460353665767,2
1.98061958122503,6.6057613681656,2
-0.867182132931767,5.46280083822733,2
-0.643434659891542,4.49810376960874,2
1.03101959913076,6.37171352596088,2
-0.889689717461651,3.7356228607202,2
1.61938474779218,6.81875138853092,2
4.19067731705887,9.31411748484142,2
-1.09631205658372,5.06603690160911,2
-2.5065024329877,1.61591673794606,2
-8.04870169255116e-05,5.71097698700212,2
-1.81459586350723,2.85710920821841,2
0.154734676422424,5.60486279389814,2
0.0105748048522183,2.82273686652731,2
-2.79993983823847,3.25141088895299,2
1.54643282566852,5.7701986068865,2
0.476733408758906,6.36328772259297,2
4.27895001157509,9.68789504626537,2
-3.25525609326586,3.81128422303645,2
-2.57213591317577,3.43003433792112,2
2.92846655660225,8.08537017527426,2
0.804322819800504,6.38676281963387,2
-1.85926075636454,5.05499313325098,2
0.356465053700876,3.87352617840009,2
1.93715493977136,6.14431215126864,2
1.69368771717806,7.21069527078753,2
1.19180813614416,6.66684063189374,2
2.5370793396069,6.82999287661713,2
1.27353730337589,4.56061350457859,2
2.74252233106002,7.36091099749792,2
-2.74767971252362,1.24866530269115,2
0.0101620528244819,3.51989968217445,2
-1.87926359370115,3.75331577456727,2
0.389702273435292,5.6546077301873,2
0.790953228770399,4.76135032987616,2
-0.786279860363092,3.81296082766731,2
-1.73372388375646,4.7608601198504,2
2.35616707473929,7.74060065725636,2
-2.7939360234085,2.87464580430472,2
3.70108689357324,8.59506152407764,2
-2.34787660840015,4.34299062007071,2
2.3592459439665,7.07799808570359,2
3.64572285214576,8.37065605990631,2
2.10709083876269,6.97894639578014,2
1.55117874261186,7.20646399291074,2
1.73821463908233,6.13627822443194,2
-1.19274968149671,2.4952546795992,2
-0.399421532145425,1.84045624289443,2
-0.297674868927274,4.03117440416509,2
1.90834479400238,6.67636186574763,2
-0.0945201696193966,5.28572557101689,2
3.52397890915033,8.65897254845903,2
-0.443834676829178,2.02241540678248,2
-1.81061255461517,6.2668442877328,2
0.361701626006377,3.59441363201418,2
-2.99696152863075,5.58154011362999,2
1.28640678148913,6.59347061605715,2
1.43926875248575,6.80368467088561,2
-0.874597560021355,4.82861788255529,2
1.3385127109877,6.4119425361897,2
4.41851133433362,8.79387188326561,2
0.044840864568752,2.21788774089338,2
6.13862265082081,10.4265887524309,2
0.530975701861227,5.28497034295529,2
0.67773542244309,6.10148428971771,2
0.713784022837521,6.72627343223442,2
0.931361102725879,6.28893261141154,2
-1.83175644429202,3.8127743874372,2
3.34527928111924,8.56197165112853,2
-0.847867433827585,5.4432424835681,2
1.12939344129022,6.0463414452763,2
-2.90043880531631,4.17926043105873,2
-1.11312813678036,4.90275001548502,2
0.947659872895254,4.13963501875782,2
-4.1380860792126,1.05182551710019,2
1.13160635603213,5.94185916930049,2
-1.11359394870776,4.5417064052514,2
0.570013891452184,6.16978387453185,2
-0.744163517573427,4.41306220549194,2
-0.955025404614328,3.57875225723278,2
1.37083895914923,2.83406844996728,2
2.06872579533838,7.19513682580151,2
-2.92271770324266,4.20676197093418,2
-1.9235846718208,3.21054035204486,2
0.572021503476755,5.11067089771824,2
-0.176770911890606,3.32754114678709,2
-0.289421344888799,4.10616887009657,2
-0.776569995023188,0.81098729586575,2
3.03320724006646,8.1566778533248,2
2.19429160968083,6.96110210362111,2
-0.359674152302484,6.84319420479318,2
1.50724467819358,5.45545469415173,2
-1.00893156645281,6.37816689156354,2
0.485958613254346,5.78764256071458,2
0.0983522104067395,5.20716202931994,2
-0.392974388377177,5.76206722538434,2
1.98253021256393,7.63628891027714,2
1.80657825945966,6.34342944517378,2
0.563142395110231,6.19710235016827,2
-1.81357380317031,3.71349096508906,2
-0.35942368881538,5.04752455564351,2
2.17815058645079,6.94998468575471,2
0.314494514889709,4.60065344599532,2
-0.318887393169772,3.07265945184116,2
2.62333087107021,7.60763600439703,2
-4.40762558369062,3.59556717189222,2
3.26125267132202,8.43752708219512,2
-1.34749416557227,3.56993690012061,2
-2.02219442180662,2.36006904824574,2
2.00074577023388,6.34068709775362,2
0.433286466765315,4.74092636316939,2
-0.787929460756378,3.98238376066662,2
-0.826368177567521,4.64478755658817,2
0.501164561987048,5.20343515126326,2
0.851985466291363,7.07609943796513,2
3.18668771829076,9.30831076955742,2
-2.86671735649519,2.37391840507797,2
3.98264956206203,9.37124977060903,2
0.317771541507232,4.61814289383704,2
-0.642727154387197,3.03471438467087,2
0.90326238944194,6.64618099256627,2
0.605028220643483,5.11945574360686,2
2.26305159145072,8.17384146124771,2
-1.98431494880413,2.53140365634898,2
0.00837998534929937,4.57833754971609,2
0.0257687314992587,4.59227842437882,2
0.926409271936548,5.32827791941379,2
2.1132760471398,6.49379383169948,2
-1.01815901940588,2.99790566409522,2
-1.98767648749414,3.62419867853014,2
2.86779212309119,7.81746586987951,2
2.04974233355995,6.09459995686055,2
-3.37921049713902,0.662399688573011,2
-1.08647797258745,4.75795562376678,2
2.5224614073851,7.33820635569479,2
3.15435207841281,8.19722557000872,2
3.75590504540194,9.37148066704464,2
1.40301314911158,5.67146186100158,2
4.55131781752726,9.9242318084087,2
1.70324691603562,6.42825062364843,2
1.5223561202984,6.00350259836452,2
2.13351045778449,6.0973335539732,2
-0.21177838925199,5.67977712755362,2
-1.87357116410693,3.6752261287331,2
-1.70257885704993,3.53311007325303,2
1.2577663397491,5.07733611095202,2
-2.28326610702492,3.27372841083653,2
2.37493296377836,8.17776423448274,2
-0.770617558720385,4.9605283926338,2
-0.283673243750642,5.677964209397,2
1.09574831278358,5.70935172404649,2
-2.21876265655022,4.95189487139755,2
-1.35479767891193,4.28220815716248,2
-1.71267114647465,4.42949268227084,2
-2.72596369893843,3.21474358905815,2
-0.328425631323079,5.09298419336851,2
0.472923738880001,4.84284791730456,2
1.26444925653592,6.23458827331105,2
3.45786843415934,8.36502198620987,2
1.89427761434218,6.72131535429139,2
0.725470080773835,5.88083473863402,2
0.549974012423964,5.33954206228357,2
2.58618404013312,7.33889250129558,2
0.270198013004956,5.51907719526844,2
-1.50645534894565,4.33359580306713,2
2.78795428328577,7.39341176589631,2
0.199416021071889,6.0911486659038,2
-1.62532397213781,-0.314730204778878,2
2.31314820265635,6.45455045849227,2
3.16548048445411,7.98661200557237,2
-0.4989422141865,4.79409290807118,2
-0.113768635291597,5.28261310837658,2
2.3050291385986,5.78675183987892,2
1.8905516995091,7.19208196183104,2
-2.13259631299608,4.48869073762734,2
1.51038449874653,6.16459991082051,2
2.26617896035614,7.26446087355685,2
-2.33453571057952,1.71177050646501,2
-0.277865556130046,2.82307251468151,2
-0.798601165974755,4.30980002348422,2
-3.16472121412017,3.39772870461927,2
3.2903604518551,7.90195934025333,2
-0.574453305664068,5.50225122221378,2
-1.11089102433627,3.12887820804553,2
2.5118298574824,7.8134642635929,2
-1.34936652193231,4.30375781005625,2
-0.403759946592457,3.93204945278538,2
0.175408347635649,4.71118870863036,2
-4.15268750268714,4.40285372237097,2
2.23714489209257,8.07761063033608,2
2.21376399215263,7.28484261747815,2
-2.05384616703123,3.45924168367285,2
-1.02730717644678,4.41616464340302,2
-0.546524490307395,3.43273255284538,2
2.18197119857388,7.11052738403885,2
3.49958443584885,9.15141123043282,2
0.881636361898069,5.94917924533157,2
0.0295474145838703,5.89239771014481,2
-1.13906369464977,1.51622772943638,2
0.599078879321358,3.10028082963655,2
1.34826207449148,5.41687787100082,2
-3.24055270710963,5.11205901919413,2
3.75662400208881,8.99385755641357,2
-2.3922430090181,1.09153467015568,2
-3.74101370951455,1.97067631508838,2
-1.77422166767833,4.36355570783889,2
-2.28996618509193,3.76410614637029,2
-4.37472849687649,3.32640635712359,2
-3.8087744718354,3.21725972819334,2
3.629676476174,7.85872607450512,2
-0.282990462850596,3.08474546085124,2
-2.24474853268378,3.42305569480907,2
2.60708605873084,7.95877997317458,2
0.68199129822715,3.30026639356164,2
2.7266094276291,6.98048533744504,2
-1.36127877777257,3.89353419325296,2
-0.167708382125193,5.49565211836417,2
0.455701107190833,6.34024504889577,2
4.24740733866541,6.39834887897518,2
-2.17372514698189,4.70651677343078,2
1.86759497984369,7.06938322062227,2
2.64950619213387,7.34103750463457,2
-4.15455874141835,5.28617203020581,2
1.36649936871446,7.53132452856757,2
0.191778009474445,3.02710354683979,2
2.23432965866732,7.26173484251786,2
0.578195741659743,5.40876584295577,2
2.21911910692178,8.14446995276395,2
-1.61691994027932,0.00429901356125573,2
-4.00091463574518,5.23917457780269,2
3.00721899375332,7.67914647977458,2
1.50001039891544,5.3833647244341,2
0.253973754413763,5.66099666481548,2
0.717717102718488,5.64747991301861,2
-1.27167971345839,2.6463322901241,2
-4.3045330001967,2.99185466300021,2
-2.61262601052804,2.05522584450236,2
0.948198837578588,5.51671737356318,2
-2.93085551319159,1.00236971527627,2
-2.55753480205261,4.34808611832936,2
-1.17534424828738,5.20355850206506,2
-2.13682051782687,3.81339689530959,2
-0.228143138997354,4.34749102322675,2
1.23699047040056,6.52805040800769,2
-0.782088529953384,3.95489476503832,2
2.17636718772092,8.21188853479001,2
-0.24316188682539,4.69870828956399,2
0.00360906290803076,4.22668669941251,2
-0.035299496472013,4.37971080235299,2
0.0906389374596003,3.90095105496481,2
0.371681160669866,4.60685852752695,2
-0.754252036294917,3.82516348062677,2
0.249096068650905,4.93971472350845,2
-0.0942532002239572,3.24885141689724,2
-1.24686144507237,2.37410972713352,2
1.51047049666267,6.1451179698149,2
-3.48641772703158,1.78306109175404,2
-0.618446300743626,6.24730119741376,2
0.249898201016104,2.82950562678078,2
0.143426319713933,5.09461203626026,2
-1.03749653190675,4.55078806362551,2
0.657042135523695,5.12081049422535,2
1.56609470297175,6.82769940135869,2
1.80080349990009,6.84714176034366,2
3.85117771506682,8.93727639694181,2
-1.64880130930786,1.8583314823441,2
-2.9015078877109,3.3116358811567,2
3.87805979876312,8.83899455313347,2
-1.91902313354116,3.99785902701597,2
4.5072072143277,9.48816489874278,2
0.889461312314497,4.86168099711693,2
-1.97264556302445,5.02119500883956,2
3.4852476793447,7.77264348228857,2
-1.00848383511146,4.74822224575567,2
-1.13379522478007,3.82585816431894,2
-2.33540744185001,5.53901113314936,2
0.559957674602126,5.29100199405362,2
1.69668003698218,5.84964184481632,2
-2.73752011129078,0.694262399014839,2
-2.10707086858079,4.90734376246335,2
1.58375058601272,6.45528471260337,2
1.05815022722538,6.31833462498587,2
-1.51964035178343,3.38568168355059,2
-1.90643270534258,1.28158593419024,2
-0.681224587892235,5.36747454873229,2
-0.530147130542007,1.97416095778441,2
-0.0593722801882815,1.71290992133928,2
-1.45712428386992,3.627680505591,2
0.371059064766515,5.00879944987018,2
-1.96302420461785,1.57883779381626,2
-1.19994439013742,3.9674413678434,2
1.26293161211223,6.64964781929198,2
2.55144652667736,7.73308004827802,2
0.64523018162348,6.25143399944124,2
-0.297669150664226,4.38549867125955,2
3.26956085510372,8.42999329164264,2
-0.405156019921791,4.39644550958425,2
-1.29435448885987,1.89743659888194,2
1.77024148125449,5.40153047320918,2
3.19148428008243,8.96002499647781,2
2.18349153311506,7.75287304125707,2
-0.0349197605529266,-5.25873650840445,3
1.14905046941802,-6.10053720768321,3
-2.07064197360323,-7.0769003486538,3
2.40469832536676,-1.60384061469454,3
-0.0297742377114726,-6.28316135504799,3
-1.98291923872578,-6.67772783633873,3
-0.211985173209608,-5.67668907033981,3
-1.01626142283743,-5.87990611241554,3
-0.735619494611795,-5.96929836102849,3
-2.52569520813514,-8.00857455505177,3
-1.41166421911638,-6.29340556724922,3
1.60965237889133,-0.935873159868547,3
0.872343818355674,-1.33550790363089,3
-0.471159524616205,-5.79760368795293,3
0.481065206489451,-3.3993427008725,3
1.10592280773221,-2.85898773981079,3
3.71891721212747,-2.23585484796627,3
-1.55855224409348,-6.23931922850987,3
-3.25181330395502,-8.22663378211766,3
2.52585989381343,-5.2396343086326,3
-0.0973053360536292,-6.19850670890689,3
1.74034917983138,-3.48542762382698,3
-0.0611263167459753,-5.47590984202717,3
-1.47049083721172,-4.15319364585941,3
0.6770922972905,-4.37522982332322,3
2.3000720751757,-4.26102030775556,3
0.407588509090749,-4.00599517762805,3
3.70904447164987,-4.70716162734329,3
-1.20153490516037,-6.16282508164858,3
-5.2872929643344,-8.75570923032812,3
-4.85989594277205,-9.42240754295583,3
3.20586047867168,-2.40610637467643,3
1.59623785010575,-4.1100197371224,3
-0.87050710853644,-5.32535441581288,3
-3.47612725644475,-8.67013212844332,3
1.08579780856386,-4.46836484512434,3
1.35846041496249,-0.600774768369087,3
0.690962323092763,-6.13333990946401,3
-2.99463142810641,-7.15770604381767,3
0.0109759314471885,-5.06563677447533,3
3.24557656467994,-4.20607478748431,3
-3.06465193732061,-7.63839045707691,3
-2.34267723836596,-7.9788535204907,3
-2.68762347658604,-7.98108710178251,3
3.60862950865764,-4.24550574553484,3
0.231084249699856,-3.63832311287754,3
-3.38640340110396,-8.13914735180868,3
0.155877767373229,-5.54544421390641,3
-0.514571715648845,-6.05666223988267,3
-0.501103608940405,-2.51819538002284,3
0.737361554426359,-3.10023043146886,3
7.62600213142778,-5.15053026000321,3
2.03505034955565,-1.68892849685778,3
1.49555923211781,-5.78711062767367,3
1.42979781574733,-2.11420433804573,3
0.404467582381071,-4.91351644442042,3
0.342257444575008,-0.987310607496837,3
-1.19960036257811,-4.77919374485658,3
1.18591295249738,-0.674625251291293,3
2.1323487175948,-2.78615105709429,3
-1.14774715260525,-6.60070404266971,3
0.457214110546439,-5.06121136842968,3
-0.11153889447253,-6.49444550800858,3
0.467777148622563,-3.06222672899479,3
0.585551545225827,-2.28278975264665,3
0.556216965034374,-0.858231409612577,3
-2.40196646691966,-6.27081235586586,3
0.891165124545007,-4.92582207504831,3
-4.28781519155682,-8.89871929046885,3
0.268726385904958,-4.63394332744634,3
-0.210040540125447,-6.02161930187798,3
-2.61527837961808,-6.94459837442344,3
-2.02669777724543,-7.38932380617062,3
-0.220380834473734,-1.37277617804049,3
2.36195820020312,-3.0507427051254,3
-2.63241897837134,-7.04881468834863,3
-2.99782776371557,-7.78781502076241,3
-0.990662906803539,-5.31123376756004,3
-4.75000138249052,-9.52857847887642,3
0.0754152105590239,-6.07044951994098,3
-2.177461882676,-6.57782876047805,3
2.15936244520398,-2.03142508713,3
-3.213862234314,-8.3113050836148,3
2.9400315671016,-3.76140977926966,3
-1.27258242784699,-7.0283376051626,3
-0.0240596909884827,-4.67274228647639,3
-0.877207964007673,-6.07235191496379,3
0.33750371779617,-4.71989407279857,3
-0.174532566724442,-4.85170663812299,3
4.63204376713527,-2.16040394504877,3
-1.53029903796877,-5.8207171466204,3
2.80863075340483,-3.27719336614875,3
-0.765442030141777,-6.2281194005018,3
1.82805011668562,-3.30465144493002,3
0.500124849054377,-5.51041668442033,3
0.513227688171099,-6.1548511089956,3
-1.0148731783149,-1.4907731654121,3
0.723886204805503,-4.49016147189971,3
0.0982991489675515,-5.33018101280649,3
0.95883895024739,-2.88610427954675,3
1.5847717845692,-4.18728709046498,3
2.02373417950686,-4.30184341797844,3
-1.42728762738058,-6.91233114516454,3
-0.36474905004982,-5.94852694421825,3
-3.65973180798009,-7.38388132797256,3
1.11210841691597,-5.99143069220367,3
-1.45661229728904,-7.18339723304773,3
-2.67749068764737,-7.34763748085185,3
-0.0651189125686443,-5.74234797868535,3
-6.18573599292773,-11.2256787351806,3
1.14355829730812,-2.49248998592014,3
-0.0299992459600198,-5.55464502278716,3
0.627069632429691,-4.54934307562748,3
1.00104770376787,-2.10361469230881,3
0.517400178928506,-3.65511209042656,3
-0.388804483312773,-6.1680919770371,3
0.938555122280911,-3.61129793737724,3
-1.44865035801901,-4.04502627917255,3
-2.52218319838996,-7.13122523952403,3
-0.819681100871777,-3.71118781626256,3
0.996584972065714,-0.307979908427367,3
-0.670894886971926,-5.35802298869962,3
-2.06465555047062,-7.04108972707779,3
-0.562430772634458,-5.76124766665688,3
-0.790120270545127,-4.98447757796156,3
0.513989303436109,-4.27233022641228,3
0.740376823131815,-3.51787647000648,3
-3.1869334622091,-7.84117128044175,3
-5.70741261959723,-10.1934009478664,3
-0.732538159001182,-5.90094559430042,3
5.92233809586128,-1.1091530471348,3
0.779956681638866,-5.04728640449853,3
2.69184341295498,-3.59582896471959,3
0.819240991234398,-5.37495173926566,3
2.28318093646775,-2.14422074469023,3
0.592037045243782,-3.64730445862816,3
3.38728565196545,-4.51085143028221,3
3.11004991217338,-2.63480095599442,3
1.92181199772726,-0.790567556427412,3
3.2501995265711,-2.68205366945096,3
-1.08221834530219,-6.5420788101739,3
-1.70811077847064,-5.92423527033092,3
1.1303286830429,-4.78760249461725,3
-0.230299007365254,-5.13246527679658,3
-2.46706272300324,-7.06925946024736,3
-0.552678093766168,-6.42532081372343,3
-2.87425387900776,-7.89983551830255,3
-0.388024383847253,-6.14378193938479,3
0.0407785144814381,-5.10909260481547,3
-0.646605217963627,-5.54969089217083,3
1.43459931982679,-1.38276286904578,3
0.446537454253007,-3.6330320367187,3
0.870184691568072,-3.4682603334384,3
-2.16502909585791,-7.21347699669089,3
0.388565645224115,-5.00715484368191,3
2.57061196121241,-3.49478990682559,3
1.17654649891166,-4.66911928157853,3
-3.36266175049699,-8.14984298703318,3
4.58307910284089,-4.14066305054712,3
2.07047960075515,-4.34123151842836,3
2.21299754043671,-2.40877638246433,3
-2.22490032201875,-6.85255769522947,3
-1.82396551782798,-1.32385952827122,3
1.44043810466779,-4.63229628628083,3
2.68253271133608,-1.89079149012868,3
2.53618519936936,-3.36267015471698,3
2.54744193165339,-4.49694938804655,3
-2.33234906776483,-6.5805120408507,3
-5.59634337267683,-10.7362139477193,3
-2.38244088572106,-7.33595720650613,3
1.33500152265003,-2.33477018764281,3
-2.17981656656851,-7.17742115387212,3
1.03206207642948,-3.31621786416072,3
4.19875946475291,-4.29334046052805,3
0.239813849645243,-0.6759482759454,3
1.91665024582083,-2.76601359569735,3
1.94857942589975,-3.47148153790333,3
0.721729564508012,-3.94330812624215,3
-1.16957807731641,-4.69150078851497,3
0.552211655805626,-4.41073989800659,3
4.12303929593283,-3.36519474421339,3
0.367079175654471,-4.77578845486428,3
2.0778409432125,-3.53475271991423,3
-0.747772239428302,-1.34177897829936,3
3.70781299669375,-0.00831500742024716,3
2.86031103204752,-3.03465286560741,3
-0.393981983073495,-4.97809443979633,3
-3.35647561821451,-8.1243821343132,3
-1.64673523102064,-7.13859991328706,3
2.03957094903752,-4.18241827782152,3
0.0556481302693136,-5.32204656860734,3
-0.136192931177541,-4.16201771466891,3
0.252310090848556,-4.21565163206361,3
-2.86179468283447,-7.96018544591277,3
0.669830180729061,-6.351905421926,3
-0.298363804668207,-5.79786617162991,3
1.13270417327777,-1.92857142239016,3
1.7572795164545,-3.14308149895865,3
-0.633660177417858,-5.21061070401362,3
-0.15638185258936,-4.82531479194223,3
2.74605966451773,-3.51967211326039,3
-0.333721694847772,-7.43051841728373,3
0.0936227431545056,-4.73374220972157,3
-0.583844658209092,-3.56135068196943,3
1.95624023696011,-2.20350216672092,3
1.81916260912276,-3.1362983215022,3
-1.80107896173356,-6.39948530243401,3
-3.00258220591419,-7.67361180587255,3
0.954755471794262,-3.68826934398403,3
0.627051425682477,-3.05497589108674,3
-0.852141640252382,-4.36289667517573,3
-0.517412527344145,-5.55810194229538,3
-1.88711559261419,-5.73034249957625,3
-0.569641886802608,-2.91043179694851,3
-1.22002785170471,-4.78132301614772,3
-2.16331455118401,-6.92305198501718,3
2.51603494552581,-3.149836502809,3
-1.82819141385868,-6.79980353240469,3
-6.40006386743767,-11.8735828142372,3
-3.05128268271778,-8.38251365865991,3
4.2602577683404,-4.84490881033564,3
-0.962651738882778,-3.4763877605487,3
-1.44227284201728,-5.9713462918597,3
-0.217332648546783,-5.03676232070726,3
1.58598385902794,-1.84765636149876,3
1.41126759323587,-3.27553984127068,3
-0.837785816440228,-4.57254978977737,3
-0.255756267614766,-5.00082610214941,3
-2.22448337540254,-7.73121423642532,3
0.119469924630701,-2.86549941609984,3
2.83878553461634,-3.66742994329377,3
1.56777043622233,-6.37984110734939,3
-1.28873803031011,-5.40521823483419,3
5.57562420336717,-3.5182524550847,3
-1.55642664015706,-6.17247852141147,3
-1.36456968826448,-5.08125558756747,3
-0.397216905328305,-4.18191441289083,3
3.3543941092853,-3.80193140710141,3
2.72020408751707,-2.404342913374,3
-0.297810930078747,-5.85496155265338,3
-1.71021081487641,-7.29082358102781,3
-0.921977119360103,-5.95992350889854,3
-0.274984829938469,-5.95475455703591,3
-1.12321676166826,-7.09910830768994,3
1.6943172727326,-2.97110050475684,3
2.00671970654868,-2.70293703425881,3
-3.1621267916119,-8.57524866536136,3
2.47150202495339,-2.99234105855589,3
1.84600790409683,-5.23663172006244,3
-1.63935672037385,-6.98395302938117,3
-0.484644796634975,-4.73519826276964,3
2.1851741914581,-4.60776305831933,3
1.35442197717256,-3.24407052282052,3
0.423821876848529,-3.30610347597935,3
-0.429784978707354,-0.701981468671231,3
-0.398436990406745,-3.92306828954205,3
-1.0403535231853,-3.73639904259119,3
-0.370029917291864,-6.69463286906272,3
2.21296748202409,-1.31833802821225,3
0.624549902580003,-4.38705766786897,3
0.993841422213131,-4.26895178206142,3
-1.17448120999022,-6.65921788422665,3
0.327528651120814,-5.33622113111433,3
-2.19798970122221,-7.43989006410651,3
1.53227504521767,-4.60574449050626,3
7.22497450381133,-4.90422587723737,3
-0.268661737652078,-3.80630505668367,3
-1.99482782311263,-7.56439036993712,3
-0.925812185034543,-7.02158131173574,3
0.799492242734124,-4.46895365045212,3
1.28625531366403,-5.71223544627739,3
2.3401098532906,-4.21336495430413,3
0.756785642697669,-4.83827931128167,3
-0.564996907366145,-5.71404173262327,3
1.38829109385525,-0.998498662055052,3
-2.00525459731036,-7.67741173861459,3
4.54220157028747,-2.80991806121911,3
1.77282400732072,-2.48588524145223,3
-3.26011584856312,-8.75109555758151,3
0.71295757866041,-7.13011131431543,3
-1.28178634298726,-5.82586745741556,3
0.370317310884883,-5.42048420555141,3
0.827553813720322,-2.82426872099178,3
1.51008630184614,-3.9103797289916,3
-1.80984885732346,-5.86199505040434,3
1.84285976991059,-2.66416932173629,3
-1.56654137440707,-5.43068317619424,3
1.25356484914702,-2.60864626978334,3
1.13251715618284,-5.49492807671795,3
-0.263939133738294,-5.52380553073366,3
-0.919085614657696,-2.47448589687612,3
0.662481569548951,-4.62106924921661,3
-3.54863049633788,-8.40730944264376,3
1.98576236026251,-6.41329014478855,3
-2.25702509948682,-8.14960805369743,3
2.34148112588879,-6.2797784904115,3
2.55247934810779,-3.19963798169886,3
0.105746951106433,-5.564176901144,3
-1.65937667396236,-6.66037533203382,3
0.542692114840602,-4.32599899370594,3
1.97803393528711,-3.26187732612598,3
-0.0369977423814065,-1.60770745717446,3
-0.293993134832474,-3.63420687783806,3
-0.325296535538977,-5.22677062796195,3
-1.2133328922747,-5.05294313090793,3
-0.454809472707122,-2.67268858879536,3
-0.334220983255843,-6.30980803518283,3
2.51688959609137,-4.76535546484703,3
-0.950217732761119,-5.17470631368025,3
-1.35040549031856,-6.35393723807768,3
0.0370964249187768,-2.76191092956248,3
-4.48216187734968,-8.24584108122483,3
0.524960170194664,-4.97161425984399,3
-3.32161856748153,-8.17101893531443,3
-1.84179552490656,-5.70282126050815,3
-0.607282281974303,-3.39637245134541,3
0.276634675169921,-5.31393025158981,3
-0.294648603881148,-3.02667902441905,3
-1.3701150295747,-6.4869759796466,3
3.97542132182083,-3.09463545047015,3
-0.875905559906709,-6.63902084126846,3
-4.79997568656431,-9.97093151555794,3
0.634650266140812,-2.59617432466101,3
2.12030752529536,-5.31275506555129,3
0.150520718110892,-5.83241685046936,3
-0.813488912896872,-5.56945904496767,3
1.7492644811699,-1.05094010193749,3
2.89063961045655,-4.66932132140048,3
2.62162515182628,-2.1107108006277,3
-0.903032597074114,-5.97329045474501,3
-2.41274755082141,-6.30391245332227,3
0.208615323381208,-5.79015816121735,3
1.15430912991152,-4.85364811735263,3
2.4795797011643,-4.07081561663305,3
0.757104520714295,-3.98163758232677,3
-2.95998608404717,-7.81538166848458,3
0.126245995876695,-4.25607426769628,3
-0.19578652867302,-5.48888737618166,3
0.689495004255394,-5.32645830609803,3
1.07644515996321,-2.67211630415802,3
0.0724683725482794,-4.41008532350433,3
-2.99767800019288,-7.62398152619912,3
3.20327718820672,-2.27782935546388,3
-2.70970312859881,-8.02109423925953,3
-0.41292248214742,-2.7446134760256,3
2.33781738174682,-4.87784432556222,3
-0.959389136958164,-2.28115367738242,3
1.92539795619373,-3.60491035366638,3
-1.67701283247249,-5.61621071850738,3
2.53831085619108,-2.96942388584259,3
0.687689198645266,-1.5686214668518,3
2.97832040401962,-3.07373108168734,3
-2.37969688097791,-6.73543529670719,3
2.27733352190131,-1.91381731781996,3
1.46313275902388,-5.82212315210144,3
3.83448552975629,-5.07829659695053,3
-1.99151751554163,-7.25919795855114,3
0.728459035285071,-4.74088984857333,3
-1.81318890995319,-6.40672997007307,3
3.17056973047146,-3.59013747214027,3
-0.352903676591321,-4.49303211583275,3
-0.282832495334668,-4.08450310820205,3
-1.6048971351973,-7.14277259454641,3
-4.36536564258951,-9.38805996580234,3
-0.27525382161321,-5.49870667000601,3
1.36199335784499,-2.78481270846493,3
0.584479847066357,-5.08842255740555,3
2.27905163174871,-4.80818504661361,3
-0.565064782266333,-5.86772766168904,3
1.53839183001681,-1.89934058820321,3
-0.911674255911208,-6.10231191166401,3
-0.0747067598729834,-5.08120234725228,3
-4.04411057989656,-9.23216658535353,3
2.29510055928286,-2.95461704226369,3
2.15132366003741,-1.78673265094648,3
2.45176533413451,-2.95043665530307,3
0.630515631999771,-5.38553373941625,3
-0.852621108501784,-4.77285582750095,3
0.19398729292472,-6.59047215052305,3
-1.7500655449295,-6.62128963951202,3
-1.15222574846587,-6.87548147263782,3
0.859523732886275,-4.59624278862666,3
-2.15738956420359,-6.66816260689863,3
-3.90593112533335,-9.11305832405635,3
-0.87513480015842,-6.47343897220256,3
-2.28807088317902,-7.04235496978472,3
0.91480305903776,-3.50814438609761,3
1.75243229766423,-4.51123913860369,3
0.552924563160348,-3.32164835951709,3
4.22337131333732,-1.86177157429678,3
-1.14959100915678,-6.50335554282101,3
2.73886591169071,-1.66188198775404,3
2.73124110999616,-2.68836154800399,3
2.46636903083141,-1.63391603571527,3
-1.13835554832675,-5.78331140286807,3
0.462385416808253,-5.99612033214357,3
1.05093396730066,-4.55541722271619,3
1.5255781196882,-3.9465505710305,3
-0.342877840448144,-5.33900620375544,3
-2.83818902243617,-8.21038849987163,3
-2.44559865459812,-7.55660036580885,3
-1.6620159263936,-6.99977258412191,3
1.43516938392083,-1.57240929840913,3
3.14368010921294,-2.52973364637134,3
-2.42068169417975,-7.55097068271872,3
0.659323445040435,-3.14675130677738,3
1.03265077552886,-2.52858391879313,3
-0.0170581224453654,-4.17146036377821,3
0.0103051139354189,-5.68247904465866,3
1.74515250875161,-4.5470143171244,3
-1.65848074982726,-6.65442590049575,3
0.183672516802909,-5.89367527696286,3
0.164397043899302,-4.93740523925143,3
1.50551701138832,-4.06607938808938,3
-0.584278626576466,-3.51618288752426,3
1.28299479865354,-0.755211323937066,3
-0.709118447203866,-5.60765750026365,3
0.560060474209497,-6.36012155938053,3
0.773657717923658,-5.22888252368576,3
0.000377075635962491,-5.65759391057234,3
1.66964143575946,-3.76794292657614,3
0.259469709752809,-6.03301834577103,3
2.41822618424978,-2.6944545294007,3
-0.880912115549524,-6.59441883869174,3
-0.875020170975301,-5.59074910378523,3
-0.305804167041242,-5.76181277840045,3
-2.43152817035457,-7.70184164986321,3
-1.48265610196396,-5.82920565490345,3
-3.63617392387355,-8.43645861410596,3
0.978469634668439,-3.07307440367937,3
1.34801580918548,-4.4077040264622,3
-1.82497715005265,-7.39715920661471,3
-2.10464731190914,-7.22117415294785,3
-2.03090506453658,-8.17419860074839,3
-1.1454619580496,-6.74832692106953,3
-0.717252627277253,-6.19281389129036,3
-1.79229661531823,-5.98422769966566,3
0.15016503595672,-4.25026310991589,3
-0.71718931008475,-6.68196082762383,3
1.16457668749113,-1.0303017043912,3
0.870434471736179,-5.47637260252078,3
1.25870815298076,-6.40804846563235,3
-0.291289674927229,-5.01412225477593,3
-1.00901712724091,-7.15076629297252,3
-1.00175788852572,-6.7972713880911,3
2.36675407742414,-3.08926392148288,3
-4.09440996332307,-9.31231837512942,3
-2.00757870066376,-6.69479456750379,3
2.38885465439146,-6.17724575498127,3
0.586234355795165,-2.94016039645741,3
0.560447835113298,-6.00551592308649,3
-2.62723861551288,-7.62301183087063,3
0.879414786588295,-4.19035107752473,3
-0.977860610843462,-6.41509987537648,3
-0.484546854382051,-5.70703719260691,3
-4.79569793364272,-9.30653921138971,3
-0.487167634529898,-5.69987694153736,3
-0.711138463423363,-5.8828026217713,3
0.86341987906385,-3.02324742525292,3
-1.43324696976684,-6.06191426545076,3
0.309071094124865,-3.23833945164569,3
-1.66676861989758,-6.60179159564994,3
0.584685725775075,-4.97610184767644,3
3.17493370127171,-4.01087735369041,3
0.896155110054141,-3.07061517150074,3
-0.0641619357590518,-3.21652661841074,3
2.67996420066339,-3.86754637686573,3
-2.08748650880251,-7.20175824088834,3
-1.87387497528791,-7.73415940652968,3
3.06952121086301,-5.90565562906682,3
1.09920968267682,-5.4801238230567,3
0.789417587206849,-3.37550000219216,3
-1.8730113981943,-6.88257452580755,3
1.24607583473382,-3.93639856327384,3
1.0746590801882,-1.68096798342037,3
-2.52109600258105,-6.80541031069512,3
2.95099948283648,-2.13736259858589,3
0.041002901352984,-4.99016912644305,3
-0.0384539159312277,-6.71421329569906,3
0.151943544784225,-5.63235140316171,3
0.701345857041632,-5.29227546535263,3
-0.421377159710662,-5.49258531216918,3
0.621153782367708,-5.68258105570218,3
-2.57847302217152,-7.35439266743736,3
0.352283022156998,-6.20176756966227,3
1.9943958137803,-3.79393748524517,3
-4.17770982004557,-8.9376290390134,3
2.81358260165376,-2.80594580867695,3
2.05253209216735,-5.12880770849425,3
0.957061858372548,-5.16130104297265,3
-2.2882877328648,-7.47405445342613,3
-1.85729971954832,-7.37664377651937,3
-1.38505331426215,-6.70065542348992,3
0.0841440747698984,-3.62038999164737,3
1.39622332666909,-3.5464397514666,3
1.99205924948605,-3.77232845332332,3
-2.10467180117627,-7.03536640613532,3
-0.854817882479499,-6.32348299148558,3
-0.529499168947715,-3.38372841125372,3
-3.41802366613254,-8.10698498777124,3
-1.9089049115454,-11.5630920039697,4
-1.73766013876124,-11.7890415899247,4
0.0819572876829176,-9.98992389159156,4
2.02602399074402,-7.40962681936012,4
1.43528452787071,-8.91359623926563,4
0.460825378414861,-9.54833392828677,4
-0.835306992896624,-9.00031143765013,4
3.10385173671762,-9.34984151690692,4
-1.54839142197516,-10.3353680946138,4
0.817299056027438,-8.98166548029683,4
-0.256245152124184,-10.0736525926688,4
-3.69973306213341,-12.7453116612327,4
5.29306720975769,-4.41336564794315,4
2.13675382683799,-7.87085516791611,4
3.28406150039411,-7.67457265777282,4
-3.146562418682,-14.8808218413654,4
3.45656566400959,-6.25535047297925,4
-1.86455765239263,-13.2405582887128,4
1.61350058942988,-8.56953956769259,4
2.85741357360528,-7.33863129226669,4
3.1066602269715,-6.77902890274328,4
2.42141077684654,-7.67889176682338,4
-0.426976982407075,-10.3583237097452,4
-3.81813421760144,-10.3177190109097,4
-1.77388067305124,-13.7585235849274,4
2.91597695567152,-6.86469621453516,4
1.65692235058592,-8.02866684184663,4
1.13277990291821,-8.80701215254832,4
3.18099088587421,-7.90599449717092,4
-1.45636209601715,-12.2310394167018,4
-1.20002183585295,-9.29363922916706,4
0.135787127735363,-9.47709320236958,4
-0.738530795145011,-12.3887832982047,4
-0.46699698522448,-14.5294366156465,4
1.41905903445263,-8.37920950752024,4
-1.63261736651563,-12.5829673873968,4
1.15807974596464,-8.7156451963643,4
1.36324281502043,-8.13593594058736,4
2.23313045268387,-8.35937575426139,4
-1.88834474038172,-11.274261542538,4
0.681790688869125,-11.1522512523886,4
0.375423704010301,-9.430630277796,4
4.62079807737085,-5.69465548539774,4
0.501193329539282,-10.0475679575802,4
1.90496145967794,-7.81779806608496,4
3.57506158341268,-7.09011665697934,4
-0.62616904430038,-11.3228974420303,4
-1.52752122489147,-12.3596026394551,4
2.09010014454489,-8.59506436439573,4
-2.25800918929059,-11.506906337274,4
2.22885074430378,-8.71854125057697,4
0.232467502422473,-9.81144791917558,4
-1.98875253986316,-11.8179145651126,4
-1.3829131134142,-11.0888891630264,4
3.34064048234715,-6.90839864988297,4
1.20911648708115,-10.8289777373599,4
3.62753089751025,-7.77691519505812,4
-2.0829976357676,-12.4133283343119,4
1.08542116092615,-8.05702637537749,4
1.40705583203598,-8.01647743695236,4
-3.25364252030018,-11.1326115149922,4
3.14202082726772,-7.49101029829804,4
-0.409289384756231,-11.0472243009286,4
-1.85998405409223,-9.06570433431796,4
2.10016464657641,-8.21939457545154,4
-2.47336320220555,-12.7310712536095,4
-2.82846025319197,-10.4148714185112,4
-1.79832210855228,-11.872196462841,4
2.75021468932358,-8.25152304912151,4
1.79782798068596,-9.31056748815445,4
-0.348354907052125,-9.87722530599825,4
-2.90629609562707,-12.653724089749,4
1.70861563963742,-7.21617710920218,4
-2.64489955720705,-11.6599466726248,4
-0.318102407432296,-9.02105101308191,4
-2.7658764342354,-12.2922723041228,4
1.66243768120678,-9.10973049796527,4
0.229528768235698,-11.4296394805514,4
1.24524244857078,-7.56912032122174,4
0.479762315521568,-9.33201263119872,4
-0.561463495448396,-9.92711608762684,4
-2.05727896389957,-10.6170081595258,4
2.42086276421964,-7.71794750163874,4
0.650039089824615,-10.3365616438888,4
0.817738474325289,-10.6144112016903,4
0.0766256356812343,-11.5803139553936,4
1.77711790179704,-9.22733095985821,4
-0.145712424396685,-12.8099457207159,4
-1.19200408968266,-14.1369417997906,4
1.45199003663313,-8.61091647848764,4
3.1182743994759,-7.24895791064328,4
0.000914249903293538,-10.1840474796706,4
-0.0705345043132848,-9.67015003451184,4
0.0558884567958129,-8.42588022910551,4
1.32079589783598,-10.7880674730371,4
2.23943852824015,-7.88956763287688,4
2.42845853596083,-8.34356004360223,4
0.117131815876508,-9.3540633703408,4
-0.986021358231049,-9.43186251358311,4
-1.41065159396979,-13.6749019727181,4
1.00956438852513,-9.5270036316193,4
-0.546437767420509,-12.9753382117273,4
1.46998261510308,-8.09814574085558,4
-2.38714480063701,-11.7428051583811,4
1.24833370508197,-7.9515545514197,4
-0.399101712323529,-9.94483619617229,4
0.816928022579026,-8.15588649555871,4
-1.50780482999767,-10.0352781228266,4
1.12828609342038,-8.91569395325982,4
1.84333967927127,-8.14478558978696,4
-1.80986205171122,-13.2965304461996,4
1.33128753858206,-9.2235330923206,4
-5.8321536851944,-11.1477837816576,4
1.79267382781491,-8.75144843417424,4
-1.71944234926838,-11.4148092639462,4
2.74308157504144,-7.29728475049701,4
2.40814691585576,-8.40250033969648,4
1.30262782306867,-9.39349288428583,4
-0.510705446840512,-9.4507850383657,4
-2.77176011332866,-14.0531385792435,4
-3.27554438582938,-12.8074010469928,4
1.00870119529219,-11.0169973372363,4
-2.5917324691738,-8.78814455669643,4
-0.00991729707377292,-8.10181573006145,4
0.033228864053614,-9.75444242011291,4
3.24606494520428,-6.65813782497757,4
1.03162763038357,-11.0945226649122,4
3.76983177359626,-6.51069666657359,4
4.45128156236199,-5.20836710070903,4
0.923287766616713,-11.0483603362562,4
0.429653058603644,-9.67230453165559,4
2.68930869891428,-8.35483703280999,4
2.26189071303267,-8.24887144636925,4
3.1945069644024,-7.20694471721731,4
0.100511172660912,-12.610082709686,4
-1.93771554681198,-12.585527588817,4
0.355281087239822,-8.85568464972295,4
2.65276505244406,-8.22676700231263,4
0.310438356585273,-8.76199148350099,4
2.10955655220869,-8.52148858823111,4
2.01566025074305,-7.78128588426775,4
0.184700293596179,-10.9894729940713,4
0.0254134459941553,-9.98885843105334,4
-0.339512359845852,-9.9032044934214,4
1.94835568320383,-6.95319239320946,4
-0.0981346792800438,-11.58170003838,4
3.88568170192031,-5.97667170033895,4
1.70151061172792,-8.61521498529037,4
-0.0264258512096246,-9.67856983086983,4
4.64667173218833,-4.56354070681828,4
1.95080569199201,-8.1364877212813,4
0.454002301673112,-8.53342427319454,4
0.651946031813575,-9.4922134041095,4
0.888725193454827,-10.6806988828031,4
-5.89351637287315,-12.0403245825855,4
-2.24504647182879,-10.3352025129214,4
0.391374572806481,-9.43134567103914,4
0.0980257300909935,-11.5212239010856,4
1.16142295045038,-9.3651864186507,4
2.63835175311721,-7.45104734187981,4
3.52678065289189,-6.22558997740544,4
-2.61792889831211,-14.306999476122,4
1.12621326884894,-8.73865258747147,4
0.573048105152698,-8.4122048028051,4
-1.61182789433726,-10.9065497249818,4
0.990417108317442,-9.64480687239057,4
1.83265435711537,-7.80826313397882,4
-0.196196786134194,-11.3898195179797,4
-0.673137200045956,-9.84676706497268,4
-2.45287449725643,-13.0735043355771,4
1.04379781691263,-8.58573085805987,4
-0.872002281066047,-11.9565983992058,4
-2.98927244709555,-11.0898792586886,4
1.32610437684151,-7.96390342300547,4
-0.384661881749474,-13.1542047479371,4
-0.54619947772428,-10.608884332868,4
2.54676842573133,-7.10623198730221,4
-2.75835495601913,-9.54476148019686,4
-4.53173427386138,-11.2107448942254,4
4.29079409995383,-6.39531853600564,4
-2.82491958570371,-10.3465497947235,4
-0.583328328058225,-8.63431754912541,4
1.33180902740038,-9.66576922170061,4
-0.546900966183456,-14.0243977675193,4
2.24743309980547,-7.5004660188413,4
-1.41332561964289,-13.0353779435066,4
1.01628226059058,-7.80171622584215,4
-1.58006990801091,-14.1553033478495,4
1.82647801503476,-7.96441585214958,4
-1.50324777817528,-13.1815472077766,4
-0.884047821927749,-11.2295623559282,4
2.27576875365798,-8.08549431409521,4
-2.18966260152002,-14.0612751221752,4
0.000414883699419348,-9.64877318355186,4
3.80145422167371,-7.21884919067972,4
0.884371317250491,-9.35380037757337,4
-0.0136146168310372,-10.8305105740484,4
-2.15104735052696,-11.8806072009447,4
-0.829793628023714,-11.5915349003578,4
-0.56201922050764,-10.5076638968,4
3.52195399502002,-6.03855052606544,4
-2.2476600341146,-9.95773060611161,4
2.93995507372724,-7.16616398545739,4
-3.7700283650108,-11.3173013569893,4
-0.936859753038109,-12.5645891384804,4
-0.599973038544503,-10.4496843899877,4
2.43209630268401,-7.35158898881036,4
0.446176234603006,-10.0195026586681,4
1.23869124066956,-8.60165715404843,4
0.76882825111907,-11.5364453965036,4
-0.427349570220452,-10.6080898962582,4
1.33299767629779,-8.87497666229316,4
1.14202929753014,-11.2351017225746,4
-0.220814036502742,-10.1066667494985,4
-3.47794164853882,-10.285761590664,4
0.147328080896414,-11.0385133392645,4
2.04512749361157,-8.14553559982903,4
-1.63963556810575,-10.4662878363113,4
1.88552616783554,-8.38076083362029,4
-2.01823166082761,-12.9051671453908,4
0.638948929416185,-9.60836996293852,4
0.677675354873076,-8.79945352366594,4
-2.10275466136079,-12.2917772777015,4
-2.08833816423617,-12.8157429368226,4
-3.99758438483499,-12.6196711199675,4
-0.994496144775593,-12.033133002065,4
-3.02329358149907,-10.3342583889565,4
-0.968475470219962,-12.6669289547223,4
-1.1071007729831,-9.77205582987316,4
0.460579254562695,-10.2667959202076,4
0.576001927832941,-7.76901120950909,4
-1.17056350932075,-12.4575879237809,4
0.085670392340444,-9.86354149006658,4
-1.20079425760991,-9.90613283561082,4
1.94428299038454,-7.21394936151855,4
-4.66226622553543,-11.9909181387746,4
-3.11296104410575,-10.5443708168939,4
0.881949640594692,-9.83474895644758,4
-2.67677610758232,-8.91331420593393,4
-1.08418750132429,-9.25061608374199,4
-3.38324609348405,-10.6682403781304,4
-0.708411997580935,-11.2469296151422,4
-0.398507283291612,-10.2523973682997,4
-1.10043562601457,-10.8864155943615,4
-5.31189345899729,-12.4947031163846,4
-0.110053927740233,-9.37867827877468,4
-2.39939172320054,-10.4920390035344,4
-3.66483100917188,-11.3009806636418,4
0.90119840388033,-10.128854282178,4
0.442458832459561,-9.16749868250971,4
-0.633585092919352,-9.62120506409387,4
0.354157164861227,-10.6333515428717,4
1.07695968361836,-8.88018506230483,4
-1.87003302472753,-10.5870612708871,4
-4.4526523672217,-13.2596952015715,4
-0.347739091758018,-10.4209755226497,4
-2.96945132405947,-12.1358344631104,4
-0.788662405683352,-10.9693535688885,4
-2.28918389282086,-13.0119546860729,4
0.625067464890933,-11.1876514834744,4
-2.31495386394465,-11.1666855417199,4
-2.78927832857369,-10.0299309388847,4
-0.251496156876703,-10.7549887689344,4
-0.377226573632814,-11.5197229453835,4
-0.7874263341146,-9.64196330906638,4
-1.53396472832973,-10.125699014847,4
-1.95433617039455,-10.6775454349636,4
-4.75998341067689,-13.1980309162781,4
0.987024574805223,-8.69281377548084,4
6.440713760797,-3.89424067761166,4
1.29051813160419,-9.71099277191409,4
0.352968816992401,-11.5206245059085,4
2.55269516810939,-8.15993793355983,4
3.57800365857519,-6.16110069150765,4
-5.54960079856429,-13.1837364158253,4
-1.14326431547778,-10.4302748793141,4
3.29017986157825,-7.46336370939807,4
-2.15785772729403,-11.4975470618033,4
-3.08657081262355,-13.2424211130857,4
-0.667524356351144,-11.2973119903314,4
-0.782680966241418,-10.4715792872282,4
0.251259034088686,-10.2421316640511,4
-1.93983150220001,-11.9453184010895,4
-0.526845238538297,-10.1286173256593,4
1.57171945521078,-8.31708557204715,4
-1.55758239390503,-11.7518816895938,4
4.83075702657952,-5.21078738239479,4
-1.91888150102442,-10.6825489750993,4
-1.81602361366062,-12.2181496453539,4
-3.97207396359184,-11.2182056172828,4
-1.58697764148722,-12.1216292039541,4
-0.790379177666511,-11.2518255231119,4
-1.84067139935655,-13.3427064246223,4
0.774152666712778,-10.669978502048,4
2.38360245108046,-9.81391308805664,4
-1.72617493683236,-11.5038635203893,4
1.47431442843122,-8.09559663998444,4
1.29179061856054,-8.82495304947608,4
-2.52033054054329,-13.440291416042,4
2.60800243032953,-8.01044921440288,4
2.22797216605878,-7.37750137140893,4
-1.43455157191109,-12.6476554626553,4
0.171152874507232,-8.73955808361524,4
-0.417062577876097,-10.0895916258561,4
-0.730195693946178,-12.3758144422236,4
-0.897741240354609,-10.842123773129,4
0.0423533232773936,-10.2822764456891,4
-0.449013965538579,-10.4977951891799,4
-0.983445616322042,-10.7591045962713,4
1.21760896493241,-7.86239054006857,4
0.517546722135422,-11.2935868235021,4
-2.79315979149731,-10.6473227823436,4
2.37585315211312,-7.40821844226264,4
1.77855203637926,-8.31215750005219,4
-1.31046653531414,-12.5677301725438,4
0.0848301505347041,-10.0187646691485,4
3.24024334600219,-6.12784905211016,4
-0.136978839884741,-9.80153638287883,4
-1.19927907252111,-12.6620023613733,4
5.01229177387476,-4.98899670968666,4
0.65654752445222,-11.236776236973,4
-2.57871949433059,-13.262288380649,4
0.978292614958552,-10.4997153081132,4
-1.98022131554127,-13.6344488979355,4
-0.919169253097407,-9.6419129547858,4
-1.43604564888244,-10.5409780275852,4
1.37747417890907,-9.18015346800868,4
0.233959620446014,-9.95345099430605,4
-1.18850206318058,-8.75464271785709,4
-1.71888719139449,-12.3127067749884,4
-0.797555743581009,-12.6593746970331,4
-1.79051839770294,-15.3560439782002,4
-0.0874011081192401,-9.40557157106359,4
3.92026786679016,-6.25162087061684,4
-2.9103820916708,-12.6812546669891,4
-0.953022258396647,-10.2918809097848,4
-2.34477305196845,-12.3487298899321,4
-1.98769309334414,-11.6458724826883,4
2.32023911491197,-7.73343754386224,4
0.671834546778922,-11.1136868803579,4
0.799932076044691,-7.88279802581317,4
-1.73679021637491,-10.1895928091103,4
3.45619473079778,-6.96503388316072,4
1.99459626548532,-7.52014787194625,4
-3.39030353998038,-16.3610154915572,4
3.01710655709204,-6.6811906831675,4
-0.826055571514992,-10.1455653594472,4
2.73251202502579,-8.17112076649016,4
-3.17363355496742,-11.732474702989,4
1.40573396380516,-11.0155737995943,4
-2.09150504450318,-11.7509200535499,4
0.76454168343092,-10.017561461088,4
-2.07500526456203,-11.2000264435982,4
-0.590910156252402,-10.4203127586957,4
-0.177224503356831,-9.8242299979087,4
0.839292182277632,-8.62154334026572,4
0.0293849160081859,-12.1804258509097,4
-2.11185961128853,-11.4960614650201,4
-1.07017718990295,-14.9639774962607,4
-1.54232039653033,-13.7358220718637,4
-0.851075572186373,-9.39963558696302,4
-1.01302328595183,-9.48753067542097,4
1.44068435868321,-7.77193173037546,4
1.14826180813924,-8.145180749733,4
1.21775601025001,-9.40497296428147,4
2.04736948326646,-10.5841759648637,4
1.33992796794621,-8.93367219103227,4
0.362294329197846,-9.13870931115031,4
0.476727472831976,-8.42320999287363,4
-1.61299863400197,-11.0504605605966,4
-0.380016861153445,-10.2076694435976,4
-1.22449012664672,-11.0082876393478,4
-3.80957132279466,-12.5131863836922,4
0.101545590974873,-9.4808991419619,4
1.4715106188865,-10.0382898186555,4
0.219850614887902,-11.5068077717836,4
-3.85884070131774,-10.1242187976241,4
0.839019033092776,-14.3169886011669,4
1.4487856710023,-8.42344682070986,4
-0.0318568021838877,-11.0831398439802,4
0.308879346195253,-8.97912452154259,4
-0.399660113802762,-9.44578334158787,4
1.26287668880524,-9.94859431314818,4
1.06603980780067,-9.19092298431125,4
-2.06094688073346,-12.8557248325843,4
-3.13171890403571,-14.6137375971505,4
1.5642230875176,-9.73201118690134,4
-0.88009533430004,-10.0038416339762,4
-3.2094989763246,-15.1273187319455,4
-0.218594881542559,-11.1776342586433,4
4.46151889775032,-5.82209025054305,4
-2.39295916051613,-10.6849634963053,4
-0.73490318419945,-10.2151252286292,4
-3.63781390403648,-12.0391254475579,4
4.2169357683162,-6.19239346840353,4
-0.928523495216753,-10.285188967141,4
-0.827913630063042,-10.5891618448897,4
-1.41623571481905,-12.1657783344543,4
-2.41431945292253,-11.3108562422758,4
0.804716019684111,-11.5466006321513,4
-2.42728120742127,-10.1101526376325,4
-0.0632029871726903,-9.37775708380603,4
0.943860947362869,-8.38787953912624,4
-2.45446478523755,-12.0255946270904,4
1.11338461486373,-9.8046419821319,4
-0.0401221405493868,-9.23590059753108,4
0.659033651955262,-10.0330734993426,4
2.02683885915703,-9.4906966355102,4
1.53984365122712,-9.80994451056686,4
-0.980994574568124,-11.1194382031301,4
2.18342494886136,-8.13953743371501,4
-1.26665022403066,-10.6771548517534,4
-1.86503412828368,-13.1262749436073,4
0.263045503773262,-10.3351023421585,4
0.194418458834674,-10.6714546206958,4
-2.76185669345217,-12.8119025633077,4
-0.696036271132999,-9.85802251729101,4
1.46155252287453,-8.16383542816143,4
-1.22465739055896,-11.5316571474738,4
1.89006221313524,-8.32803767411849,4
2.75222677266896,-7.35175107906338,4
-5.70705931169585,-10.0993851326184,4
0.810011119011536,-10.9951213001873,4
3.27028589692623,-6.80916551848269,4
-2.72680743980994,-15.3654393407488,4
3.353573299925,-6.66079330223584,4
-2.36300935610387,-12.1537927504925,4
-1.7959180500732,-12.937786202911,4
-1.23024477849158,-11.0505360956593,4
-1.49290803317485,-10.0176372730791,4
0.804258531421852,-8.46749819881475,4
2.19453237825279,-8.42354392020566,4
0.481688348729984,-10.4838461447105,4
-0.863575248698701,-10.6650243534545,4
-2.24452276878705,-10.1615459891297,4
-1.99181388372372,-11.3418756022661,4
-1.0136345137669,-11.173694530169,4
-1.75829468671826,-10.6089222926307,4
2.2970488056624,-7.24314150551892,4
7.09186833033603,-2.84061403803014,4
0.241039818890974,-9.28148532271535,4
-0.63072585917253,-10.6675833148027,4
-2.99705796246495,-12.504265732986,4
4.91917294191595,-5.44831056691745,4
0.902150644201784,-9.45624095466651,4
-1.95055805240541,-8.37222056849395,4
-0.169485094721593,-10.879557118722,4
0.562289631394427,-13.4854667570665,4
1.08287470499069,-7.9680459289621,4
-1.81475494748659,-8.51450684113085,4
-2.08025769027674,-11.8779501618937,4
1.40601260469974,-8.97055814296164,4
0.448335973200634,-9.99086489227875,4
1.32792558402443,-10.0925900020995,4
2.97614555355565,-6.43276404869849,4
-0.524652632334724,-10.4584080199444,4
1.60518368455878,-11.7296992106321,4
1.00284443053037,-8.51489687553143,4
-0.679454810983076,-10.1204033716292,4
0.994501770246637,-8.9039912433027,4
1.0729620855023,-7.69264118523988,4
-2.24037201674231,-10.0085178550221,4
-0.954995363252813,-9.62250950970905,4
-2.30356997182521,-11.4684530393496,4
1.24148363231178,-9.03027220937566,4
-0.0931538913602638,-9.83366007704177,4
-2.89717210735803,-10.5878080808213,4
-1.09365603665839,-14.4600217634339,4
0.196644992637476,-9.15665954829803,4
-1.42761445710789,-11.4272464163232,4
-2.25823333280808,-12.7788072738902,4
-0.00780303152607456,-9.89634860454566,4
2.93452068779217,-7.13359032960939,4
1.48438188890064,-8.62852364542072,4
-0.10064412235946,-10.8660937472079,4
2.09481420347818,-7.73208802488525,4
0.194093441707142,-12.885055084018,4
-2.37121800336272,-15.5976045710358,4
-2.99841003961095,-10.0547872791571,4
0.127281731545299,-9.36890360976483,4
3.45511062134049,-6.73778565949004,4
-1.55119494135159,-10.2134061796911,4
-1.58583592784726,-12.0479569913209,4
0.401022513888543,-8.30710708421058,4
2.69513515726513,-7.71202675617924,4
-2.44773012042609,-13.9408625566746,4
2.60885435445926,-6.37528475497899,4
1.52063216161879,-7.89151712040364,4
1.69911590152785,-8.1824481535973,4
-1.36872897609566,-11.6544615397582,4
-2.43668659131092,-11.5079064826383,4
-2.34162731663061,-13.5002740176782,4
-0.753772925163208,-9.02129506619964,4
-2.4006000685424,-12.909621502252,4
-1.15546513612129,-13.4024326753959,4
-1.22929115311875,-10.2049612074797,4
2.61082181063986,-7.19145748496978,4
0.155234272776391,-9.31889788427211,4
-2.30832155315383,-10.343399931706,4
3.83546200327171,-6.31023958004419,4
