-0.73547556573948,0.308874674855927,0.653435031439239,1
0.932240387996357,3.16318731469739,1.54217034295962,1
2.96037317751121,10.9691129470984,4.28199291801103,1
-2.4792821487686,0.107050994751713,0.421131391103681,1
-0.569651500973952,0.677406890457517,0.895554748424009,1
1.1439189102962,1.14660842306847,1.12990732978077,1
-1.43324105260053,2.15153158661357,2.05898117170085,1
2.29810362094064,3.76574918919721,2.06554884582373,1
-1.8022269332,0.171269698513142,0.45968079733522,1
1.99474374086306,6.23742669976156,3.45370432467905,1
-0.98555634717255,1.89021422945655,1.11668138564006,1
0.406379012742048,2.66456883757953,2.05939840187104,1
-4.40838446583111,0.0333845774613097,0.305297858973744,1
-0.145868812269892,2.5872205492585,2.34514552122032,1
-0.826370681709131,2.11633827837102,1.30597519018562,1
2.12230793467054,8.17361941246443,4.36823689114227,1
2.48550945271636,5.75574550884217,4.07581205796392,1
4.03424207727671,6.58907623736959,2.65348388008405,1
-2.06230385585756,1.07316129922191,1.00425174918428,1
2.32534195113942,9.03160710011683,5.13571377926769,1
3.42351096285882,8.8303483432232,5.20040549895814,1
3.43748968471481,9.24871995748696,4.88293313556589,1
0.422819871205876,0.412162663207152,1.08216908475411,1
-1.29717963557728,0.0953892059039197,0.422913978727808,1
-0.415410347825403,1.14735721302367,1.34927133804153,1
-0.930646674688635,3.72184655747246,2.2591918958015,1
2.41210905787175,5.85328051364157,4.38137638560433,1
-0.326021632796131,3.92094673727165,1.6911681565183,1
-1.68262295196995,0.478858357207419,0.725845382351134,1
-0.408090650729882,2.51176868288429,1.80701963798034,1
3.11226427015315,10.4120653576085,7.49075313410995,1
-3.15260509309713,0.537523273657232,0.731400010432357,1
1.73741810172614,5.58768195899748,3.21470596031773,1
2.14890768569156,3.84591811096903,2.90237425492004,1
1.24288547238331,1.56485945453442,2.44816133243735,1
2.75300009980301,10.899268968021,5.56277006183197,1
3.56634665522728,9.43258420756547,3.94518755658018,1
0.204037456207482,2.83550020566269,1.87573369705411,1
-0.336422925203473,0.537651794989876,0.846297124552869,1
2.55808413726989,2.33739926016281,1.74913527190508,1
0.606223385122901,4.45999931851253,2.13387781810999,1
1.11136290226065,3.46507420464394,1.97504646054379,1
-0.976379795210345,0.569164962275811,0.87216541635835,1
1.61723474986323,6.3751257695245,3.39879086901229,1
3.04641899610399,8.3125604185744,4.86937904163539,1
1.95896535960579,5.41474370246477,2.4427461445987,1
-1.44840130408386,4.00018371172335,1.3190806794628,1
2.40815666661146,4.34546281108637,2.00481698675887,1
0.502475426890233,4.67147475283634,2.27163838309048,1
1.74516690262459,7.3978609997711,2.48357680737033,1
4.02911029225042,8.2349375310085,6.53788520838254,1
0.792385388810909,12.0797208297786,4.94873795147602,1
0.753791619194233,0.174034079015405,0.56198930432481,1
1.21031960128316,3.07873324982291,2.34083492977963,1
-3.52480799670155,0.171744377459801,0.442160358908537,1
0.12280015012209,2.62891936380645,1.76469750467275,1
0.690256325500347,3.27258635259207,2.7908401804519,1
0.250309737881871,3.15322974334059,2.22114338569898,1
1.60206728355158,2.66689713694119,1.7978808536158,1
0.15464257390416,3.80727946749117,1.7660859063627,1
3.17843513083017,10.0380717786089,4.81475834046488,1
1.84257024808915,4.42894715632258,3.25029583135773,1
1.18129904690993,6.59784261526205,4.82868165356689,1
2.1102813825603,4.60355656266011,2.70190577197088,1
2.25637782102858,9.32130406901201,6.56738249892632,1
-1.02182546317576,1.14792816938087,1.38179191954582,1
0.206611116959268,1.87180731836608,1.71817368133386,1
0.0296480919338714,3.69670300788637,1.67144649201117,1
3.75631889969516,11.3595572790436,5.52389191553424,1
2.04610533558243,4.2101034019305,2.9417732230228,1
2.66405247086313,10.9859200429182,6.42738579565178,1
2.24512433276166,4.67281296086022,5.79932581236526,1
2.77057331083624,2.67629739249516,2.40954290993445,1
-1.83877249274333,0.67656255499469,0.863738872287875,1
3.37033361167485,6.40232899914807,5.14707114300042,1
1.33443339315997,1.25257679332371,1.41907053577693,1
-0.419690757496162,0.492136330589811,1.29965720041757,1
4.1897376365793,9.21918817321517,4.1652043453139,1
0.303291262670016,3.04556957725193,1.80402006851655,1
-0.0384781128009306,0.261404440237934,0.649754804344841,1
-1.20559223165226,3.77430494822417,1.48947091975541,1
-2.38808955277518,0.0406993043886412,0.438776578349677,1
-1.34433578819955,0.590150524217416,0.92044117452295,1
1.51470159103985,4.48864861226147,3.83601408543239,1
5.3646032323683,23.5117007695463,13.4085403804025,1
0.736515797258208,1.07534695002083,1.50982083082259,1
1.92023617944463,5.42938446755483,2.28049382484188,1
1.51279205083057,4.35121784230538,2.95955142061037,1
0.0380402661121008,2.23065593221503,1.37690801828912,1
3.35767374742695,9.7156874712584,6.45859607346926,1
1.65223886470924,2.37260449545836,1.68225708493964,1
0.195743975805411,0.638248645213383,1.0161426460887,1
-2.11632037717694,1.09726390920986,0.91934022519382,1
-3.64884594825443,0.0862186324775536,0.35955925497365,1
1.63651415712956,3.45076926344927,2.58506795701381,1
2.73204045731279,7.63372016072963,3.98776270918027,1
3.05815231705776,13.4976738864705,5.74660320104009,1
-2.48364435621543,0.0359472492826974,0.377023835563723,1
1.99494483075756,4.0393528186452,2.64280753997704,1
2.89083639201819,3.44487850405326,2.34040754937661,1
-0.362932113506932,0.813430137743633,1.04328797803128,1
2.54491195689698,5.74693064874172,3.40955077156494,1
4.33703637119214,11.4049615375586,12.3739514250226,1
3.40243034548658,14.3211840821057,6.64885723182823,1
0.598636343465717,2.22935088649113,1.49020019199559,1
3.28200328845451,7.30320605899595,5.92343651914123,1
4.51713358657742,19.3673348662044,9.69122979652066,1
5.62382939856508,11.3520181521327,5.88936144591955,1
-2.1111160177466,2.73201250075073,1.51111284364896,1
0.532514740843952,0.478233410716019,0.809972736827138,1
-0.966221629534893,0.969639277985648,0.985804971216812,1
2.40344278103251,7.28240429941673,3.92649582669658,1
-0.0449714874956295,4.38310515915725,2.64291468286444,1
1.92812456122949,2.45985100860149,1.84783997093259,1
4.72767571385637,7.06688977184101,3.59506052055275,1
3.55668716077484,11.4015526251392,5.29259531378432,1
-0.166136237066227,0.277303491250449,0.724065931316053,1
4.1768252222503,17.2375466630492,12.4083022379104,1
-0.670402758443225,0.50331545030846,0.794768488720929,1
1.07279732126384,2.80173703178481,1.64531311071624,1
2.06602387541107,3.67076572127945,2.51685897491461,1
2.66178803229222,4.11167836918339,3.05516124066882,1
1.0485473598325,4.26910234787928,2.265300146009,1
-0.285497136956713,0.20752014351648,0.651105117652658,1
1.45647099270288,5.91209472592127,3.07426421894896,1
2.66390610013073,6.22702357148786,3.97546525526042,1
2.72496081628614,16.777972416832,6.39565276023509,1
-0.151947953131519,0.786296770673745,1.03124025350847,1
1.90088055879692,2.98653075497004,2.27274367064477,1
1.40958465171426,5.81733719783753,4.25456149875347,1
-1.33088635438311,3.80452189026592,1.80557001873803,1
0.678611649266314,4.61655631150629,2.24297697351488,1
-0.192179908501748,1.04312149589804,1.34137205118497,1
5.09324291149935,14.8839686286088,9.95886034737511,1
-2.84349597367411,0.33401774644472,0.524950838888628,1
0.183987773563831,3.40922936289696,2.2722344197651,1
2.98766580998876,6.19488391480146,4.22484391371295,1
0.234279176994094,1.45897812048721,1.18235140222856,1
-0.809267375198738,0.518811488878021,0.792351880732973,1
1.63483835932949,2.9574670985432,2.0053802306807,1
-0.693936121575432,1.74682267439519,1.96196329149509,1
0.49242314831181,5.74139624394998,3.9574322030824,1
3.08389988101363,4.27332150876554,2.20263584551862,1
4.05279791847661,13.8495783846565,11.827822197309,1
-0.0896129394374112,2.62592943398976,1.68125265254283,1
-0.544870453394009,0.959244131666247,1.25807904065626,1
3.73041414163643,6.1256663142722,4.2951736146196,1
-3.1680794627608,0.364019527471672,0.63839344540727,1
2.67310167746843,7.45425572601092,4.34303022647963,1
2.27374000592417,2.32890847146578,2.11641570743215,1
0.796172680288504,5.94100467768621,3.25738648216314,1
0.770753190228499,6.80522838945169,3.2586629477658,1
-0.661246311849943,3.40531520103921,2.03135690566833,1
4.9714395982888,18.4154195018184,10.0346371166179,1
1.63326758914178,6.44954648090402,3.28040815273351,1
0.251155432139318,1.89029249596633,1.51779320400054,1
1.96659415041402,8.70213845257501,3.71409602222437,1
1.18059520970114,3.35033923391694,3.21976778399938,1
1.98827728326105,7.1061467998941,3.24785642105198,1
0.738476388795682,0.362367439157513,0.80128393370475,1
0.777923994747147,1.27332224630137,1.42666409203884,1
3.06842242499182,7.75151318858868,3.90441144254075,1
0.0849961124639208,2.09736906970326,1.32664218660755,1
0.451706344521985,4.1221407402228,2.62644708119437,1
2.16541151536856,6.36399837711119,2.48136222896153,1
-2.33875725064354,2.22590979015471,1.18688107552942,1
1.95542989875035,6.34390512001901,4.09173730530575,1
2.4391913061211,10.7422155508045,2.52571278616731,1
1.23335273418068,3.57750282892227,2.36369370521919,1
2.91769622357889,8.10026441966234,4.77249482590805,1
0.538354716679772,2.69220558872232,3.25070825413183,1
-1.64077034495488,0.279251070220812,0.609638849500481,1
1.60444776154216,4.15896152084003,1.97552377396887,1
2.03303357801611,6.4673859214093,3.11140857903121,1
1.83196399013342,7.4634365002739,2.56616393593421,1
-2.04104408885631,0.485178138577403,0.777194279488282,1
3.11855229709455,2.69282494315922,2.82087558845528,1
0.914473080237571,0.397177207439403,0.927716376462386,1
1.05414566887615,9.31336772406655,4.44153018366818,1
2.40516014399247,2.38166433525178,1.81659082673604,1
2.19010439147982,5.88985589444661,3.58110314560825,1
1.88859353091546,1.38625085497993,1.79939310320992,1
-2.07995804330067,0.736205987381271,0.875347511916875,1
5.24598902783011,21.9537963053614,13.6535404747626,1
1.30589754319608,8.11896027400079,2.3760858213139,1
-0.572036998678769,0.977005880704404,1.09650425944093,1
1.32050770839276,5.04371018322675,3.13421726624768,1
3.30229548377987,8.3436615919152,5.98483584698995,1
2.27775380611625,1.32464715088249,1.29810406994575,1
1.33269012234758,2.94421358046258,1.83608056169563,1
0.611617539294324,0.259173619739374,0.671773659505163,1
5.08422857654934,13.5969875623584,7.07935435049377,1
-0.227930375106089,4.24353217020721,2.17873537707627,1
5.03852891944115,14.2536357565187,8.84082722170425,1
1.53870420617277,7.5790448853798,4.50151569336286,1
-0.947869720754256,1.05945311832762,1.25281435277442,1
1.28346582330391,3.81068465511756,2.29446855673679,1
2.37319440617636,14.0376613348945,4.068712660895,1
-0.982218491322064,0.117056845147841,0.470511078520244,1
-0.384992656399004,2.15421697464365,1.96566779641183,1
0.847653695232093,4.27675927472736,2.33913249747698,1
-0.709597422320458,3.91133327329877,1.6175401244579,1
-0.00102849159257579,1.57976965319593,1.55881958885035,1
4.7950491769541,20.424481734758,11.1700450605882,1
1.7440036957469,1.05098899968733,1.98205395677582,1
4.82355205641314,13.0629435600206,8.7927965462073,1
1.93718504363117,11.7055980442041,4.02175595806883,1
2.49228691348886,6.85798935636212,4.61865629807203,1
-0.399675398998451,4.50795519624841,2.40002279229275,1
-2.35044240409551,0.286371342527387,0.603047468856115,1
0.926853279824787,4.40577405062354,2.75794104674508,1
0.677944357365967,4.27076362066056,2.61487018330986,1
0.744911034843668,4.90155188551163,1.7736317967175,1
4.17810805680602,12.3621162274915,6.64792348354314,1
0.87554648032211,3.50589960317263,1.96540369875653,1
2.31161961260519,9.73511751285497,3.77856797090645,1
0.371247397398414,8.01105996816718,2.89006795177157,1
-0.747587564045053,1.00503774454414,1.27458766012207,1
1.07110979105644,2.69840216083126,2.25304512602082,1
-0.61463453907571,1.04877002860198,1.03773550673624,1
-0.722920889168192,0.404187679591956,1.0100119346189,1
-4.21795245037442,0.0666736735231264,0.311871148931639,1
0.605692722012444,2.50236357318045,1.63099983036294,1
4.92832001842119,13.3730540436722,5.51290998881631,1
2.52231123166425,4.48242252353849,3.53839333295121,1
3.70508004125549,7.57052498022289,5.49576626054233,1
-0.246494910497446,0.599186597709731,0.912022366985958,1
4.65408227908312,17.2465452566766,8.39046329161781,1
0.206501668595627,1.24184679039038,1.40691691033475,1
-0.206801563036229,2.31411120592162,2.59414089980363,1
1.1462400553176,0.791377024225231,1.11174446685484,1
1.89958775722464,8.11330367924832,2.72571643946096,1
4.21599634161538,12.9499429365369,8.30299945902249,1
0.60015528846839,2.64017018106585,1.64888202312096,1
-0.489272375109507,1.2393454706427,1.15191576838177,1
0.298578993769675,1.73530287367895,1.3977051905309,1
2.23058659703662,4.73397479403028,4.01492341133867,1
5.00681472485908,18.3862217217386,12.272905393958,1
-2.48097133409677,0.0160245039672719,0.252723101949521,1
-0.711975694227729,1.18292968099005,1.2808605315618,1
0.791159275937844,0.985555911699717,1.0854868551384,1
1.27921042721007,2.0572385636981,1.48467813652805,1
3.65743054759327,10.8331228147108,6.72637983515184,1
3.51089122820407,6.40889751435037,2.7890154187012,1
1.63848690915248,6.01130784641262,2.9575505828605,1
-1.8233512854479,2.99196429400941,1.25907636625322,1
2.41607758405509,10.2237548395932,7.39389456861484,1
-0.538077991746482,2.21624594104798,1.72671003783788,1
0.966438069534011,8.12657128876367,3.40420658696004,1
3.85006057497642,18.497839774668,7.16818142123408,1
1.0062197703244,0.943136339095913,1.10979664133712,1
-0.272701867612149,2.41629468211912,2.22469400678055,1
4.72032917500949,15.4577450066027,8.39669300702255,1
-0.200024282188419,0.9482079285291,1.2227288429288,1
1.78105780577848,4.29021113833818,3.41420092904131,1
0.229598885352824,0.377310410435123,0.964286290937492,1
1.30513697154545,6.11813311956466,3.79630773341581,1
3.80926416362186,13.5691630845392,5.4208308242092,1
-0.488855395865018,0.18751271827125,0.571194899670591,1
1.34541788861491,6.52209879988816,4.74349399672064,1
2.35269365241548,3.96551136301322,2.48720310910631,1
-1.63561711576485,3.31768377596398,1.84170664115534,1
0.251252267947715,5.84370022130165,2.04632553583393,1
1.21782090867776,6.67793950966646,3.45026534032516,1
3.81541058702418,6.61711422885599,3.2425773371226,1
-1.31794734113581,1.33568776778023,1.27103630726896,1
1.2250508093942,3.27854863333153,3.10264953012602,1
1.51561089508678,5.82417541292972,3.83973684257243,1
-0.921826618917225,0.058893234345842,0.375858609868306,1
2.95114389524496,12.6074265357146,5.26797399561244,1
-0.263677949006263,1.09586427913818,1.54986522768644,1
0.871843035817103,2.43729393622659,1.8577372669428,1
-0.725438798878905,1.35617165895159,0.987388535182326,1
0.83035935278726,6.93924982758707,4.31638983165584,1
2.89039753399262,6.2277502321462,5.72676953572534,1
-1.44139773610248,1.54711648515788,1.18067275317069,1
-1.7218874119701,2.79535185133391,1.30657462235774,1
0.685868197412749,1.20706105666238,1.49880505611062,1
0.278857721039545,4.30680375747267,2.37674220666187,1
-1.2541531821108,1.59372319427951,2.39715491167093,1
-0.969066437214123,3.04596908922519,1.71478625107895,1
2.87809871955779,10.4698496431792,5.53083244065967,1
3.42263822360085,9.82883469459919,7.9841302360484,1
2.45477621861551,13.073222411945,5.56556085484637,1
-0.846145153080352,0.395631273006466,0.785243829800172,1
4.20691442279666,14.9359533144597,8.65202874428612,1
2.07414808463989,8.72011907866694,5.68973267190871,1
1.31837673810315,5.59174502246871,4.95565290952582,1
1.14419013388442,4.01089041734347,1.80437265830626,1
2.90074936941312,1.92483420031918,1.76522554181426,1
-0.342247289597414,2.800987146766,1.44314379904858,1
2.4324034913558,9.39520451024763,4.3947718285086,1
1.5505831255072,5.26208307004596,2.39737685833101,1
-0.728743708757544,0.316140131843265,0.83900700121849,1
-1.26623812646921,0.661686377073275,0.897735401116673,1
-0.123144924605797,4.42194762626369,2.56169059882542,1
4.29564748219683,12.4995416009381,6.5207037518504,1
-0.63403921421516,1.73910862138051,1.57742351000373,1
-1.38236608311655,0.488130201766793,1.02676838469689,1
4.53627554474336,14.8408292183339,7.89138656744483,1
0.0959000235144167,0.75488172046473,0.828942854003667,1
-0.204260513829253,1.10494262665058,1.35225139012249,1
-0.294951861652711,1.57004995004653,1.95457721912867,1
1.63406394421196,9.19956099668363,2.75963658163733,1
2.17666856346579,5.54344469369035,3.19430222518091,1
0.0393712881246455,9.54819467153703,2.90581880699465,1
1.72167876207185,5.33949247119513,2.65803604252733,1
-1.15205366956241,3.69283687362414,1.42370102142439,1
-0.242372436190209,0.598646762963545,0.852802909877651,1
-0.0842055252013227,0.696006878590361,1.05368245131636,1
-0.260774249210589,0.651313651491031,0.96177801444933,1
-1.82236151697319,0.747377443882502,0.83203585366338,1
-0.918803687474685,2.21830777946079,1.40934026917354,1
0.636142766965959,9.0239181925773,3.6703514602684,1
0.962446587559005,2.27271093102864,2.15717282928248,1
-1.43664957030617,1.35760181368409,1.39464973410594,1
5.56631406630609,13.2541085900779,8.32767343740916,1
0.917788616020824,1.60538106069388,1.39670050490922,1
0.118685098810985,1.45779060484327,1.25809192765435,1
2.05464872640424,6.86618593799055,3.90384106354327,1
-1.25137806387196,1.87746023404152,1.54278531603968,1
-1.40036006001774,1.45854643272298,1.05135515049373,1
-0.444008783884692,2.69338849251992,1.98728079838128,1
3.83321920215061,6.60328820280828,3.51436529398814,1
2.53501843753591,9.08712881160959,6.35023159827397,1
-0.378985356518662,0.114854729811906,0.510822519274465,1
2.28799761537085,0.853026010460179,1.2171686185585,1
0.293930930656123,4.29945488225345,2.71185084799829,1
1.24540234743362,4.06351723321695,3.03948021527833,1
5.54179049499812,14.4997621883373,5.24424598347758,1
-0.0442439076163119,3.80084726985549,1.71972683815836,1
-2.5114857239344,1.03360830489943,0.984459107605557,1
-1.83579619569058,1.4190158327396,1.09692318645009,1
2.61785277783972,7.19388345162403,7.22547949565653,1
-0.284201575413427,1.8986118400673,1.25241561996374,1
3.24806368840128,11.3872205620411,6.8169856337575,1
1.29726066925379,4.9268174116501,3.27087043903076,1
-1.21272852292991,1.20713266839311,1.25149515697393,1
-1.54448725341972,0.324344656160289,0.828623030840158,1
0.861878922135656,4.47025911605505,3.09707398554231,1
3.86269679112413,13.3421294268143,8.73413035813436,1
1.45348291443367,4.23127116956692,5.09081974563989,1
5.10858170983396,1.1160569278165,1.36945103033506,1
-2.4221813730686,1.23892785077139,0.852832232397859,1
0.777414966132983,1.24013679911519,1.23862705006725,1
0.286546350226536,3.31880309201478,1.90633806453271,1
1.60067722244304,7.37484873317328,3.87094353080182,1
-0.695032468999862,0.922498144735777,1.11955303242522,1
2.48048274366913,9.5245807903554,3.92397243451333,1
1.4496077448555,6.20558747504186,2.38784675852456,1
0.047649242681,5.04504822526867,6.91563145437798,1
5.21890710894738,18.6046260612976,12.5022657253729,1
-0.408562126172122,4.57618026716352,2.21923374463546,1
0.210185809719905,3.38446938014809,2.26382008266,1
0.716728992568747,5.16118253692806,2.27035563945989,1
-1.67820326472742,0.938208149226453,0.878667831869119,1
0.925767831152657,2.88468757677159,2.68271734194002,1
0.948009177803627,1.66834354355155,1.57400847217733,1
-0.326395289274016,1.04152244459269,0.952021435902657,1
1.2443160406981,7.53058566991332,6.56852685806405,1
0.0601927648073116,2.14013102242004,1.49556523510954,1
-0.767736029739772,0.879079789339742,1.68376101069431,1
1.83280515025897,4.59031221388427,2.14725260465389,1
1.70418589924211,5.05545886470109,2.64406497991497,1
1.02028365522041,4.18634724813923,2.96976723706371,1
2.76251540593172,7.75578077252302,3.87934127017179,1
5.39890079212917,11.7109683328333,3.90105005273441,1
1.90745382790331,2.03982770294764,1.9685978222907,1
0.152861312092905,2.87978640719944,2.26456556163297,1
-0.0737808710661603,1.51151741457493,1.323085060461,1
1.34810623444513,2.77958716112056,2.21467960694166,1
-0.958014979371922,3.15030962630545,1.40245256654221,1
-2.16634757890191,2.37298718302726,1.06404077449459,1
-1.28996622491485,0.419498491275017,0.764959428723403,1
4.00509137412203,9.95522296471951,4.35315220914091,1
5.45837376424044,20.9619409583735,10.5388074035191,1
3.36201515418492,7.09263750514016,4.02615304339681,1
1.04452274064591,3.50534332581827,1.7725707599015,1
2.39489916027049,14.5241537853752,4.12260708171908,1
1.04902697123598,0.314071982296824,0.583186794406785,1
0.111280024407376,4.53504557550548,2.40917368106862,1
1.15595486436231,2.09834567813867,1.96344076718559,1
1.47904642099141,4.91015620145096,3.32499064338494,1
-0.730838460034314,0.834171993123442,1.02875261908134,1
-1.8225736704402,2.21459601919946,1.13637597848688,1
2.07511191318813,3.82607037758388,2.38090511060696,1
2.75372007692428,7.8354891778032,4.68365437885424,1
-0.910759136452829,1.59341612689602,1.44154822019886,1
-0.622140344220344,1.60389064833872,1.66441707808942,1
2.07392729206571,3.00254316380976,3.44570852389858,1
-1.19246609906298,1.47675139875435,1.31562729116389,1
-1.4098181404311,1.69216780250834,1.18123210812805,1
0.268552777839147,0.390615586458894,0.795108461615574,1
-1.08279205699529,0.419510080615722,0.758439816619743,1
-1.54589878919774,1.37438362751388,1.10592907315504,1
-2.15221604571691,0.756414817348785,1.00148961558087,1
-0.884851294068115,0.878307887737132,0.97161828272542,1
3.37264414408844,8.58133148454759,6.57623583455212,1
0.423775970255959,1.10867950093779,1.01927477051198,1
4.96909653408792,13.9124005768644,7.09722156718205,1
0.0312333750678073,4.54262827338943,2.22633735611585,1
4.37197631251155,16.6848351175144,12.2656200688976,1
-1.03947005786357,0.134096904217889,0.633082168707233,1
2.87103610103824,12.9135243524094,6.30805590111603,1
-0.585291779713147,1.1698713436821,1.52146737416422,1
0.851022010148094,3.0478337699906,2.63290129764058,1
1.99733255572555,2.66355251029593,2.39667113684906,1
3.13181859677714,9.3691879355342,3.937431368917,1
0.725708625312218,2.79081609048341,2.73867053198866,1
3.11085585938334,6.87763955454522,4.28149912058546,1
1.27826235880515,6.11894434487101,3.40333527512645,1
1.51081663737837,2.04559165871879,1.69165997272406,1
1.51043813276655,2.98356497488718,2.78431418814939,1
1.1215723342163,1.90096588184164,2.25325622839005,1
2.50200832729212,9.77956805781924,4.13097008059508,1
2.10471399769166,4.74635041415282,2.11261094836701,1
-3.01462447512076,0.617745616379059,0.743429431721175,1
2.36598377433645,7.35973403482669,4.81885065690388,1
0.695049813624068,2.7151337814583,1.71757716395138,1
-1.1566403055526,1.38658598245343,1.20092965804715,1
-1.19732304735632,1.38153398623414,1.01514243873997,1
-0.398220535097808,0.508313772572541,0.954122991149202,1
5.50852626248604,19.491611359578,12.3585573673745,1
2.26610168838147,3.4643616411643,3.23455479482958,1
6.06398448926066,23.0440702481026,11.4121859231601,1
2.27258037548592,14.4202978183316,7.29720707577049,1
-0.586807699762149,3.48910933954137,2.19228529615978,1
2.90018244746727,8.80865649953013,4.40510735650696,1
1.21850766867687,4.55207441886981,1.77107997041365,1
1.97825013312416,7.05729677235863,4.92193877832772,1
1.43185132373195,6.37553936724916,3.44965638668326,1
2.37115675346575,10.0777524656338,7.4321521094393,1
-0.0779123626206395,3.36573586485844,1.79254266398983,1
-0.91907567272439,0.923613317308918,0.913270319439909,1
1.72121842623883,4.90099814116503,2.56697131991639,1
1.69346153742852,3.43521787689937,2.57103476501341,1
-1.61917123087682,0.0410406585809127,0.336110024326295,1
2.41827237656352,6.5758234483954,5.69154951888631,1
2.12586320149554,5.86272635922801,5.59247319193849,1
2.74224643107402,9.86760492168314,7.50080516213027,1
0.635852735637067,1.33487755413859,1.90578922555344,1
1.06081150177786,6.09119757782777,3.74882086042693,1
1.71564298066431,7.25183082810957,3.79589029916541,1
-0.0678406804512377,0.248117150479178,0.713722703610624,1
-1.40245802759137,0.466591463636084,0.813351766702152,1
1.67587266145648,2.86686676049521,1.66006091917655,1
0.13512658826117,1.83360106840864,1.38305877381259,1
-0.441992401955161,4.27873542849125,2.50693567040389,1
1.01301387526368,10.8179906555555,7.04422889744738,1
-0.746386511585855,0.39362653800261,0.79910570589036,1
2.32647263102191,9.0884521335414,4.3475817575912,1
1.18313294318702,2.42021361314228,1.91673743956926,1
0.716051853968494,4.29644514902544,3.52293673411777,1
4.59026837361311,17.1750804172777,15.8221236135969,1
0.372274707361247,5.54738976721728,2.32112307997404,1
3.10042716692799,8.97519580151085,7.10007612161157,1
1.73939532938362,3.07309767144657,2.15854714697776,1
-1.04893316546373,0.122051277755249,0.449558858490013,1
2.36072174834204,13.4571490588418,4.26051321119234,1
1.28019995545853,0.74795749423316,0.927931567217623,1
-0.19963806047521,2.80012258091597,1.39560329737823,1
0.40099270960209,2.16310522758402,1.91942064125326,1
-0.943576994598755,0.170712369071644,0.498122426951015,1
0.750572933696586,7.14205733754125,2.48520028954194,1
0.784703465156096,1.71421581233335,1.50028315609122,1
0.842693270499476,4.10169281094655,2.81862189770737,1
3.30441514932315,7.02603042511524,5.90892692594367,1
1.23730661680706,8.1278102065858,4.98007690148268,1
1.12307929234706,3.13277803140368,2.19835306453694,1
3.40193814301886,5.17907222349258,5.78515496505605,1
1.47503843085308,2.72886479665114,1.73374146157024,1
-0.465997766215405,0.291205950030148,0.893150179601253,1
4.66954931120247,14.7896682285929,8.3571076374387,1
1.88374315535351,1.57212750995255,1.73986138180779,1
5.04275416586353,18.6927592926399,10.5236598979879,1
1.27981043266271,3.2459040669381,2.39558773636483,1
0.745303478695669,0.863875831359192,1.41222097330908,1
-0.466752089267083,3.73976693691869,1.74714121793861,1
-2.94501059079202,0.774742766605556,0.869892240804028,1
2.12393277761069,5.73390821467563,3.95562461787173,1
-1.38319559908136,1.2062237230996,1.09381714811121,1
0.583125257675664,1.39235479135069,1.32098755888989,1
1.34105603170237,7.86882278180602,2.63737630034193,1
-0.952356315913713,3.20339418656526,1.92379912267263,1
1.3077627370675,1.54192265901839,1.76108774212703,1
1.32607760745696,7.41502935016653,3.77655695083953,1
3.00304208389605,8.02980244435108,4.47939477602621,1
2.10728020486582,1.91494524861148,1.88464999455573,1
1.63826225658433,4.4952728810727,2.14533893691978,1
-3.80820720190025,0.666043226908211,0.59348583177134,1
0.0287603460991878,1.24571895463301,0.945493911294421,1
1.74340460141514,3.65425254526503,2.15386288442106,1
-0.00220646541915892,0.226410617572471,0.901668547579142,1
1.48703875716743,8.46365315712224,3.68204156101455,1
-2.48686357474551,0.457012013554723,0.632934074677804,1
-2.02439226552076,0.298957307182328,0.741925786789875,1
-0.808298337523184,2.99963485643515,1.50460501641331,1
-3.31650851881712,0.230002424400741,0.491824474732495,1
1.4257741402034,7.67592993806692,2.97253441206806,1
2.7907084358436,10.2979274194965,5.56901133278028,1
3.08538264809256,9.83457946359832,3.3663251019875,2
2.73242636219871,13.3204105324154,3.57814141774956,2
7.45358493374171,22.6508473226857,9.81588299234165,2
3.29656991651534,13.6078208006416,3.34173809604808,2
6.90486968587099,24.4913925576548,7.5587252981016,2
4.84996823655408,8.70828128345317,9.41711910430407,2
8.29125719035105,22.4601032196477,6.71921169680446,2
3.85319525924257,18.048441008938,2.55432127353626,2
5.08055872334426,19.9782123816651,1.90860693340701,2
3.76451112073591,16.3183972103231,3.06380166965314,2
3.42550919990512,17.1168062008647,2.45827910674281,2
7.06779469132107,23.2623601536275,11.6477217376416,2
6.03052356462063,21.5140595914697,6.66457878174578,2
3.66215216795553,17.1858318460809,2.01671980087623,2
2.58548117104367,13.5433655157151,2.59380851461735,2
5.12365528824351,16.8442885157422,2.28743040123325,2
11.7696997320219,28.3946887200768,20.6317536404512,2
1.94596317652221,9.52136344107489,1.00313543367223,2
5.93430624000954,23.7780427261069,10.7414942379081,2
9.15837216046036,21.8029850194829,9.40539683107043,2
7.54645419616064,20.697432635978,7.94681488766259,2
4.18984956997839,15.6343581959698,3.40834178473621,2
6.49067982903162,20.1358314106441,14.0089718325647,2
5.40591963700442,21.930489722153,5.9472502313298,2
5.01308440717308,17.7440733116829,2.24267624605899,2
7.45314434336037,25.7289739496312,11.8499887284509,2
3.71214313956002,15.5662512004162,4.61463835922197,2
6.08878365424399,20.4859306622233,4.5948642802018,2
2.81740339570902,11.3899105854387,2.4085715976116,2
3.73473438773504,17.6225281329847,2.65384605057937,2
3.53506737629828,17.4382403043536,2.74900617090756,2
3.80138759168576,11.008360225416,1.21137894350734,2
4.91889089049965,19.0132540783956,3.435717842704,2
3.730205365354,15.1925820097563,5.16773503796082,2
5.78608446492588,20.2373415917611,8.35906869925174,2
5.96911856834751,21.4970057254002,3.66997884023907,2
2.64500079879343,13.055752429519,0.00555722797372035,2
3.69577096771279,14.5854221662892,1.31150500272237,2
2.48512202836387,14.2845033550445,2.25366796793399,2
4.58144706334319,14.4690338769125,3.88730675653699,2
3.06630789485836,14.0997478178956,1.34813427424771,2
6.99432698070417,30.0766048994276,24.5129056214467,2
7.95175986285782,22.0784847861701,9.64087752145842,2
7.02175113670932,23.2780540360759,4.16472609806893,2
3.11027307565864,15.9470663024922,0.46949114502821,2
5.97946760131002,23.929067970385,0.909309687761999,2
3.34446051848547,18.8370115610723,5.49365230345438,2
8.14266482326281,24.3669819905249,5.82616482007624,2
2.06437688646205,11.3102220233998,3.76229080768143,2
4.94685728282406,19.2645521640357,0.321739687091201,2
1.80107030853583,5.32536441725658,0.0932293214541298,2
5.13860866244499,20.0696504309548,5.99611269178617,2
2.83534828030979,10.6644733810977,0.166008810105863,2
4.61269917285636,21.3379605187937,2.57316133251692,2
3.60328330848104,18.0580133418455,0.713574536716392,2
7.68855438607238,24.0654220590648,10.5677931074119,2
5.47186465144192,19.5736211616837,10.8719277125358,2
5.20189429409794,20.1983871305188,4.43957491204944,2
5.68885888292504,28.0355366734921,14.5139920388144,2
1.6843513187547,16.1743600252179,0.726440285366964,2
2.7227444727548,15.5917065425183,0.804138343032152,2
3.04079761766739,15.0132543282683,1.32668549982723,2
5.20059627969424,19.1058148722211,0.567371553821414,2
4.70412519655372,17.2578457803045,0.971057180557501,2
11.9916582245398,23.652245237845,9.16518111671687,2
5.25204408821654,25.0797683909737,7.66193756184597,2
4.9717863760948,20.8491278171018,4.75665879891484,2
4.81617541022712,19.7680967266635,2.46442790984457,2
2.45146606678871,9.10189049966532,1.00392593521463,2
5.30478451919722,22.8531539343302,5.75931954150227,2
4.34041396808528,18.7703517065401,5.31334499089755,2
5.96732139501098,23.0223102977973,2.27323470842003,2
4.84363165297107,19.5758753652924,2.54829934893446,2
5.24620061271256,24.435504469392,11.3948774950712,2
3.8185830114263,10.9591756865087,2.02673364000815,2
3.5221638975282,11.4338587600308,2.40000903129651,2
3.21613759945072,14.2776379763153,0.843323390121715,2
5.36499003904427,16.4995235881794,3.75060499820681,2
6.79089898088096,21.6765761317231,6.84228856835686,2
3.0471662502888,11.7323527568297,0.18745777018728,2
6.85419185839459,21.9642188545853,0.824034714590594,2
2.78258169175337,10.8036621821338,2.74924586191359,2
3.43003627004337,15.2575035022602,1.80845700493164,2
10.721046407952,28.73553026929,17.2667856414749,2
3.44281630324018,16.009008765459,0.939739423231395,2
6.24011072417639,21.664850557018,6.44405548520067,2
4.01251962689123,13.9271800821779,0.535268433677501,2
2.46358754285492,15.3590399173596,1.42551304407076,2
5.15194484100352,21.1208873024251,4.33082305346106,2
3.38763538106175,13.9163136302972,3.06107107776948,2
4.3825493293338,18.6030685703391,0.606460594107824,2
7.63237176658613,22.3864738748143,6.48415111681924,2
4.44530831587885,20.5249030722514,7.5846459868998,2
8.05589695007586,23.9220702290536,13.5426157913026,2
3.03389265735095,14.8434074604241,1.29105121805577,2
4.8064504706332,18.2377905560324,6.9258535186389,2
4.44967680631063,21.8388152083254,1.93467991359366,2
5.33452596292706,22.6574819925411,7.95951398188732,2
2.42831125418913,9.89012733870706,0.957773698038255,2
3.11391076207946,10.2260110019446,4.9077854015484,2
3.80655705559433,13.7210112665934,1.55291262715832,2
5.20461114470007,17.1886807425406,2.58726528682663,2
7.30867941045466,28.3600044752159,13.8664427347745,2
7.77336694254317,21.8815604230055,6.09432609637053,2
4.03857830257833,13.8751646061472,4.88030770179815,2
4.57601666772356,18.7641384720638,3.28888840410856,2
5.95517545930161,19.9414552765416,7.79620969141067,2
2.79843063606603,11.6062377974197,0.354757665466877,2
3.54651450103499,18.3833437555661,5.19820227792371,2
8.17769486813989,23.1464867969438,5.34992747484427,2
4.4211242821068,15.5509833845076,3.54085210391106,2
5.41682874965823,23.0546183489989,5.72399454961583,2
5.3626959242383,19.8631063985417,5.33085083969958,2
2.22025798265863,14.127999710095,2.24027328823748,2
5.67963085377916,24.0298837576427,11.3819128292265,2
6.24737125175029,21.1838340233746,5.41750457211921,2
2.70384831941133,16.5684342893734,2.83786478066884,2
4.11153358956021,16.2564484370325,0.983112218925495,2
2.23954365234145,11.461827969269,4.35133998467728,2
4.95548467897123,19.6082852317057,7.3594198909317,2
6.96750871916528,19.4274477593619,13.1562377266281,2
4.00083724919011,22.0904896813356,7.48690573579759,2
2.2059801857498,9.73914745072467,0.995171170408538,2
6.15226418693519,19.0550807409794,7.49892952661772,2
9.4885903160491,23.0403331725327,9.39342349890336,2
6.05472807408596,22.6449804408756,8.44509341895986,2
5.16031475734538,16.4422498134183,3.68777135867573,2
6.09452168479326,23.9703129388948,4.76557230342173,2
3.64323020801714,15.7962079534595,2.02754571827158,2
10.1236457116389,25.9753519610726,15.391061638532,2
4.60515375737218,19.4855814930597,2.30927758050274,2
2.5482702037529,14.0124464179201,0.0116635165205301,2
5.35331184429485,23.8709109449561,7.5877878846342,2
2.38904227307032,8.42452920083802,1.09171320729303,2
5.28430523643045,21.3706304457643,3.00387731253826,2
9.09105575762488,26.5076198635599,12.9763088776304,2
5.57068983765947,21.2588271168961,2.58760284035271,2
6.67755007453503,21.2994922858916,5.4651739581763,2
4.46843281247784,15.7006672398426,1.89319627955961,2
6.14435882289144,22.4516500510246,5.57059748957908,2
9.29482093487304,25.1292728961059,18.9468406301766,2
3.28982410785299,13.6239465657579,2.34656264233471,2
3.54420117171084,14.8766659149305,1.80911832666929,2
4.42842631035854,20.7464325178289,4.51364336263015,2
7.83482030079761,20.1296592831373,11.421388812457,2
2.13853546912947,11.2414343329376,0.73258551964147,2
2.35875319473258,11.1306474166813,0.999753927899436,2
5.07070748301561,17.5554972328423,2.69238145557147,2
5.46977158727081,20.1262173040987,1.96560199228042,2
4.39048474939193,19.800120916905,3.16075431600392,2
6.50787634191177,17.542175055677,11.2248656539085,2
4.60597308394222,15.812340427072,0.995458812549133,2
2.20650101471831,13.6041387998597,0.451554325436532,2
7.18957349096108,22.5981187068202,9.34317066203908,2
5.50856112863885,19.4242754855074,3.80785507922272,2
5.46047251132085,19.7119932020904,4.53248687838022,2
3.25829707587971,14.0717861419448,1.79661383099914,2
4.01494491180848,14.9914403267394,2.05390651183006,2
4.05952217494165,16.7912222115112,0.699504643111878,2
2.39842876356022,12.2360661162529,0.314803416511406,2
4.65106689360346,20.1534355834745,7.44265948077572,2
7.11148044468004,21.0995700032151,7.38991162529864,2
3.88228920940602,15.3305435637694,5.38934161226655,2
7.03017893355727,25.9023350776069,16.457887405001,2
7.00001143935276,23.6690952840333,6.95289450635642,2
1.99163157871505,7.71751845160051,1.09871958928188,2
3.59638220794454,15.3087016626911,3.12469817032002,2
4.03794241657373,14.8324960087874,0.353887813197116,2
2.6928705383277,13.1323889359104,2.7830799079322,2
3.33261331723683,20.0002560539469,4.32942706481351,2
2.66293885297501,17.1613690265073,0.00816737638561722,2
2.02894412025646,10.8273855747397,0.114590001682562,2
2.62155885329114,8.03803802940061,4.87043951856314,2
4.1236949242154,15.01340720851,4.65722555832514,2
8.09680393313019,24.0996830790184,14.5401731951718,2
2.2636360610355,16.1012952988126,2.43111066443549,2
7.49434748381666,23.5654940689646,9.71561013102755,2
4.60355227945652,19.7439147779476,5.70002685809098,2
4.10878750206086,20.0692482864794,2.62744507181946,2
6.98168788108262,24.059324101601,7.05930253812584,2
3.20899494264176,12.8679646104713,1.16474181387324,2
4.69211079684818,17.9335728480181,1.63987845798725,2
4.94929299792969,18.8159370136091,8.1837258639567,2
5.59255772715546,20.8347415816755,3.35954711015305,2
4.50175965289176,24.0345919931004,10.4048537370629,2
14.6240668496514,23.9784856303875,21.6302714585448,2
3.46502601041796,9.85009312163734,1.74079110473436,2
3.57723498332736,10.8153007391136,3.62561973863659,2
2.32634143868229,6.48083157721289,1.84723286155514,2
5.35171400023001,21.5062414258811,0.818565999154271,2
4.35665194113694,16.2603525647472,2.23597322883051,2
5.88311172637054,22.7585315592791,5.41081824845424,2
1.92135878618194,10.343039275761,0.831577028499031,2
6.55726614691598,20.9944885469136,9.53430604711456,2
4.4776796523948,20.9828644206622,5.06737696583064,2
3.6735755406743,14.5817977225501,0.542949577106754,2
5.88587870736123,19.6436638524276,3.58770231252239,2
3.68786830277809,15.9871884133635,1.96456758766331,2
5.2069240012891,22.2040611803809,7.00819883360208,2
8.25984195716939,27.187803627488,17.9932614526859,2
7.35220790884225,23.2977842907184,9.68919243463576,2
6.90000639945269,23.1745021942034,8.34746495939491,2
4.02493078815281,17.9640162675169,3.58464220665569,2
1.773569963193,11.2702607982873,6.81476545660989,2
4.67821025488592,18.7472105914557,3.31108376890808,2
4.61211545233055,16.6672813794543,0.469566060925308,2
5.00569931868643,20.5742837199359,2.10322220890466,2
3.51937105096012,13.5650059874005,1.37611599364662,2
8.14049908512157,31.0740319113577,21.5051942453371,2
5.96922721367654,27.0496284207061,9.22383478929242,2
5.73620406265769,16.5487240818066,4.74906342458413,2
8.42108282297685,27.2777078953167,10.2882062375076,2
5.7264906410768,22.2132824957163,9.32871222160586,2
4.71041143065845,17.5799973208335,3.81563061491364,2
5.00792009062031,23.7462924087883,9.13176216911887,2
4.47471228196743,15.5577196562716,0.158157742774399,2
5.13585934311626,17.2390953314016,7.226540377491,2
3.58642820636425,13.1850277613786,4.08429049175291,2
3.50837168268544,20.6284402977994,0.607673011344439,2
5.8372846862747,22.0333015173595,9.69170031780484,2
4.29519552352525,18.3562949113286,4.19782357289363,2
7.62719716221648,23.4463615406144,6.56507934407455,2
6.06132173894637,23.7266019412174,11.6028249535837,2
4.39145342791709,15.7340667707605,1.24333049423671,2
3.62237768384,14.0801894219972,0.0747116583412073,2
3.1041825686146,13.5774264671362,2.71975253390123,2
3.2733534624581,17.9360145564625,3.47859679127581,2
7.26221775624954,20.4423313808099,10.5690304325493,2
11.6949870364766,25.1615106317214,19.6830923122036,2
3.77234612670182,14.8848661363409,3.84668168960596,2
7.52699319604545,24.681825977227,10.7327818003112,2
2.95336559592537,9.47982200673024,1.70400785916542,2
4.35710369572087,17.6043194860801,6.52450865250963,2
4.03773684164505,16.6200721923251,0.278694249501622,2
5.49488936441892,21.5967735664759,9.48890328092208,2
5.18956428848066,17.5757645240509,5.86371071009647,2
5.3829726477038,22.3014953752473,7.82411078446774,2
1.96236520546849,11.346925803567,1.10507609577495,2
4.83874931191879,17.3397127982217,1.06306620580499,2
4.90990395576192,17.6288604676737,0.75742290554567,2
5.98143447750463,20.1691514922851,1.20591930780162,2
3.07542327825575,22.3185130042828,10.2920457813672,2
4.21715881090346,15.6839938328531,4.86245293421351,2
2.38937386905888,14.6203538847246,2.58081516006266,2
4.9653719476519,17.8056548003686,0.451410600034849,2
4.67408716647821,19.1933028268932,0.159909339667447,2
2.83264097340657,11.56807413542,0.50150679041609,2
5.58981261302452,19.8764476927043,5.21744126431103,2
2.87682957597325,9.01520416476612,2.99167204028889,2
5.35135818118156,20.0253433081918,6.32488724526787,2
6.22312668875151,21.0311715695711,7.71189540870817,2
4.15118602293561,20.5412960737599,2.06739305268155,2
7.54559597648379,22.7835857691941,5.5177160622379,2
5.20446410665974,20.2350492656593,2.46086185030615,2
7.30947935945397,23.1077633139577,4.35970515179154,2
6.13525917889357,21.0243861243292,4.11367426455873,2
3.13946925479591,9.54271600393762,1.83713244312567,2
4.32324085673612,18.2677671952809,2.70243941443044,2
5.88411763438359,18.6057856374514,4.47037228186249,2
2.72558230961317,15.9672734895712,1.19674690467095,2
8.91438335651351,23.9085519701869,8.24081810844662,2
2.24721942562844,14.4599522687537,0.397250133149837,2
4.45867533274948,20.7921981558952,5.67293001205878,2
2.05548363058568,12.8797767966289,0.479103585067913,2
3.33258562894549,16.4661849515006,4.15862700086595,2
5.66553402600873,19.2437795856167,4.28714366930096,2
4.07353260923941,19.672439100537,4.79522020983193,2
9.350748727359,23.8668625413766,8.20530508351107,2
8.02238038909055,23.3592144495088,10.6602441386725,2
6.29894108842343,22.6946967374058,4.98717059711393,2
4.31287918118734,15.4016454787075,6.23130507263518,2
5.59010425812036,18.4352898881042,5.25363173172394,2
4.44282148239617,16.8887197945719,6.64090357698142,2
2.72756999147094,16.6030267572136,0.51461819686296,2
4.12071849918813,15.7349693904354,3.3669314965997,2
3.92233869310111,17.7500488603928,4.46184213794793,2
5.90897862996465,19.725306943029,3.45816006871328,2
2.87279058872182,14.2043736445297,0.932815259893524,2
4.89698117459657,21.1452456784613,6.37108358541671,2
1.99404873279888,11.9134145520439,2.55365175158048,2
5.10084715555104,19.6992808666763,5.40116519883047,2
4.69218882837094,17.4591692158062,2.68970561198163,2
5.1359555924236,20.4689484064758,4.918631122032,2
9.68429080991482,23.0579525992819,10.9258012841319,2
3.53042934405747,18.6852394861075,0.690286327629219,2
5.75639094073408,23.0665758701646,8.53910161022012,2
4.10058829651573,19.563700637887,3.01073211652891,2
12.1929994890207,26.5642811982217,20.4649291315781,2
8.56172629222021,18.8135675931578,12.5804141722629,2
4.7884737749133,16.6175203702584,5.95566441031234,2
6.50260262891301,22.5946962543298,6.99426968875704,2
3.21730860559064,13.3766630875983,1.1806894840795,2
2.94905706222834,11.0402596094311,6.28519295627555,2
3.48069236079109,13.8735594634972,1.53356554697478,2
5.35598992298915,19.574270930537,2.03351812414535,2
6.41297913128338,22.4969804820782,6.17911833322678,2
3.87183622636249,15.6741851650927,3.59610415113718,2
4.89484850443653,19.0563662579653,1.32153582080365,2
3.02331907778744,14.9983507476721,0.0337355668823397,2
7.16592870264317,28.9384144152824,20.9325042671666,2
4.47953055728872,16.8425658356576,1.53454421273219,2
4.26675380300798,17.8305585084191,0.816040234760287,2
2.92602880752426,15.1221734088311,0.716441670355391,2
5.53784758208312,19.0398625424107,10.2997674034157,2
4.71462980909973,16.2379972897345,5.47369107112816,2
4.69113146282253,17.9136350740899,2.02629654956798,2
3.46553184365115,17.1319466858698,0.405105292400303,2
2.1792404972151,14.6945333920737,0.499364164347214,2
3.41522415062849,14.0307628987396,4.20675735106977,2
5.96770907748797,23.2038714946013,11.0161609849424,2
1.66882415834684,10.605029193804,1.41144404613814,2
6.75464269861693,26.4036616798919,11.740452040876,2
4.11858933185075,16.3084545151324,0.831759577798012,2
4.92570759904631,18.2501499705896,7.0187935367108,2
3.47745392449713,14.2876020511512,1.13732667339662,2
6.40366208825025,20.8575451509569,7.5249582369538,2
3.1313926792369,15.6566255843885,5.30622176495537,2
2.38909271090778,6.25809681995875,0.139157057734545,2
5.10659735145042,20.0650653886475,5.07492085855843,2
4.30165193223283,14.6814747867267,0.648522485129992,2
8.2307120926777,21.7222411488685,8.17885748054355,2
7.01946627843565,21.8805901436873,8.15740024145122,2
9.41127087135681,26.2421526277692,8.15404949416525,2
3.6911837448251,18.1024490571771,4.84667336984823,2
3.70712816367468,19.6626577432758,6.5928997294455,2
4.28123030068491,20.3462572578447,1.04718364246873,2
4.04657741118438,16.9588356226755,6.06676423317062,2
5.37741631481056,21.7807061415384,2.67173738822101,2
2.69355320443935,7.49515215492728,2.80226574008029,2
9.97501929032402,25.0975023746898,5.24875510529508,2
4.6582046720504,18.767208639773,0.154010645798109,2
3.62551090927431,18.3085107183625,0.0479338779662081,2
9.01750269102325,25.6660775120542,9.17701044016198,2
5.43116633519492,20.1785957306329,1.03807731733061,2
7.21504265571741,23.4970867425086,11.96830286896,2
6.2482225496757,25.1750498431473,7.32074320257046,2
4.14773249132292,17.4110496839112,3.09068729669514,2
3.47233197864431,13.9315825082913,1.85776200327022,2
3.98778515207679,19.2171959928505,6.02365331129755,2
2.72804181758164,3.83689005664808,2.21910082235982,2
6.17830689768291,22.6209754845323,4.50847666078217,2
3.54312299867922,16.008547366546,6.11912167032003,2
5.3319600613192,21.262569311315,4.70351868383877,2
4.37881684062265,18.630010711269,1.85989746867321,2
3.37263349638741,18.581660036744,7.49927679269286,2
4.89303917383101,15.5412668603864,8.0896833131815,2
2.33457604546454,8.81689191951614,2.78182107702871,2
5.18074970183908,20.329199570019,2.29766587204636,2
12.310018697012,25.8276567130102,26.3870972914556,2
3.89685521408819,17.0439807033018,2.24460109886751,2
3.55055468565335,10.9689050481101,0.225743073171801,2
3.67488920521725,17.6739872541355,0.638853398152167,2
2.73965967227159,7.00710680638356,0.293405829766724,2
2.06537628109889,12.7130783082484,5.21577869173293,2
4.89785271318342,19.3308548318615,5.32346086865605,2
6.21487602294862,20.0723527932136,3.90999423731366,2
5.17659503049045,17.4407023049959,4.57381479678772,2
5.83841292130124,17.8326476981358,6.33863423751184,2
5.35908128380965,19.9277046991548,3.27157225210927,2
2.55473826511528,13.1102045483733,0.453176471660309,2
3.77005439703167,17.0404258504384,3.73678085858272,2
2.98075057329259,12.7513963242552,2.05868170942438,2
2.93299440906037,8.98560709474385,2.95718012495891,2
5.54394442672768,21.5912257839193,7.40614360142673,2
4.86767235584423,18.5643973205608,2.18869824863568,2
6.38250135621845,20.652332363656,2.33450272023116,2
3.52650528656498,15.5112489978268,0.541830120534154,2
3.11972497360489,14.434161450934,0.914429972983922,2
7.28147371727388,22.4190628304265,6.52703651845987,2
4.50309475935046,19.4201984601665,7.73012436969832,2
4.83809457818325,18.5389704761104,0.547481307533018,2
7.57096260266829,24.9935590949274,11.8439757856461,2
4.83844407568689,18.9362323400658,1.01118271169899,2
3.58608267723928,14.3316730669426,0.731202627248433,2
3.97136037032871,17.067070402085,3.73499503620428,2
3.61777488087516,13.748830749274,0.981715217460574,2
4.05610116423399,18.288844097094,2.76945405012414,2
5.47778826683857,20.8847912270107,10.3511411919308,2
7.37326656992677,21.6031529643526,7.75983500002813,2
4.59197663803423,17.8617294161408,2.16825141095396,2
4.33553539373998,16.3229880443627,8.27933673963406,2
4.01714355259112,18.336579042005,3.6463195882125,2
5.03557186443773,22.0738920445493,7.4619962435087,2
2.26826993120476,9.20042417201489,0.800873393303042,2
4.0546577368742,16.8243640823321,0.237866558728845,2
3.24441298740137,6.08641876380632,0.0873734354141981,2
3.56316693840729,10.4014500030803,0.57236756147453,2
3.76338278782141,16.7565872720441,3.65488102016974,2
6.67652955112565,21.8043493440347,11.7231771321811,2
4.39691790022339,18.0168855499194,3.53984288616244,2
11.6557745379382,27.7029682557794,17.1506262978027,2
3.52919817947248,13.3610069524763,0.569584079474105,2
1.88778299763477,12.2283939160539,0.903734667815682,2
3.28471356638739,13.6627212106953,1.50638075859636,2
7.23594818437791,24.4264816521006,6.3526593463123,2
3.52018224372604,9.51619959484732,7.13395675374496,2
4.12390969204506,16.1870453307938,0.27818290216156,2
2.54822512388403,12.8885098270292,1.90853439951667,2
7.1711130422789,24.3814102359423,8.5659829572126,2
3.29183357395248,15.7576033477071,1.01040927119142,2
7.374437510671,26.995205810041,15.9916326935517,2
3.82808637860484,16.1386864394751,3.19318151874631,2
3.7085163727551,16.062034489189,2.54990283206008,2
2.40756302602915,10.2148949317809,0.669833499604493,2
6.05265634262576,21.9912909153264,0.219737568077969,2
3.56198621094744,9.44637770004352,6.69623507847052,2
3.32676101329261,10.1159787236323,1.84907934256541,2
3.81891916338526,14.8165285837278,1.58237470550945,2
4.33719894179252,22.2104874052806,4.08573287151539,2
7.60332322451213,21.6672436923639,13.5458978757161,2
2.23336654505449,8.89535431295705,0.812693240675539,2
2.56565330716567,8.40542960368574,0.802628871054528,2
7.76248103706336,24.62366523559,14.8264382190578,2
3.1685559946561,7.14190088014065,5.14357113247636,2
2.64897909679848,6.73837955964715,0.800409707676366,2
2.62152819036637,9.5465092820868,0.6398395959186,2
10.4391182863189,29.5866655502011,19.6763310547215,2
3.58134030344778,14.9538789458751,1.56733564594983,2
6.91280755338053,21.2723383524827,8.73371723491242,2
3.97054661685122,15.5526068714281,4.1298763301341,2
4.38408653019519,20.3344620801202,3.77841826275815,2
4.76277134901488,19.0161219111707,0.127897274090199,2
3.92616196728062,16.625499882861,1.86680331423493,2
6.4505758316542,23.7052871522756,10.6068611996748,2
6.13286188334917,19.8966195228965,2.32105407728766,2
3.01113266346742,10.2977671276282,5.4457257728636,2
9.75096824887924,22.2883842412827,8.29391630802586,2
6.78406632404262,23.2007741475887,6.36645615800286,2
3.6685849462131,14.424881417561,0.290603073046441,2
4.67827372990547,14.3913785235798,4.23809796072389,2
6.59562096709992,26.7424585636904,15.2829930678211,2
8.45961568681933,22.4647694556079,14.25938460195,2
3.33738564718363,14.2906988494463,0.798095316561632,2
4.9086602618522,18.4398011122732,2.89121933749396,2
5.20283880268046,20.3654761046451,4.67823350696398,2
4.65270475772536,17.3245818751483,0.370523607730668,2
2.36523296723487,14.5383425540353,0.901474341860329,2
3.41842087564265,14.1897288574988,0.263710775181655,2
5.61309129689867,21.153331330903,6.17489670591145,2
2.43242166335451,7.05416628478894,0.666804568648431,2
5.2695952891651,19.4573231953316,1.21233372329789,2
5.85565686461694,20.5722749355473,11.4217793183586,2
3.39163357468973,16.9326704083242,3.16601065105398,2
5.15680567311679,16.0382396527405,5.98195951838362,2
7.30930048694977,21.0030844707952,8.72160881269084,2
9.89383260042259,24.927323707344,13.9682935612153,2
2.50206460753507,12.7558595023124,0.217573068101375,2
2.47124292685551,12.0965727653447,0.131071749087655,2
2.82072347659774,13.1974059354264,2.42907132181868,2
8.64265631996542,20.2774536289144,14.2820366362584,2
5.36327101880738,18.1548467783158,3.20517286567239,2
5.02160742909448,22.4511307661939,8.66892158307102,2
8.24361585089745,22.1663650366093,10.6829015885752,2
3.98570755212296,18.7455267275254,0.338557391306057,2
6.29934607316417,23.3984067663528,3.3644863138389,2
3.84620947825818,11.2463672751943,2.90400683142581,2
6.5386134007151,27.666524970265,15.7633900611227,2
2.71340166362798,14.0535547946474,1.02069676575026,2
3.81855736237988,14.2477483095804,0.0637301728252292,2
10.1643676637406,25.4510648778263,13.7704975617196,2
6.82745475346006,23.3262750579196,6.30075918841396,2
3.3986406165002,18.5464776955098,0.597471161914187,2
4.58173759674532,16.3751779775305,3.82153509935784,2
4.01619094678409,15.5563068053571,3.24052131654407,2
3.61185428691657,16.8032432065002,1.34617854464684,2
6.05539322746501,21.1282280895114,10.3326517612235,2
3.99594241151243,18.90221138377,5.95983686328755,2
4.00389654226967,20.2423827059545,1.01396897056582,2
6.68444614751273,32.5791372374953,25.6427342713027,2
6.48025406189336,26.8120844286396,5.89749930003899,2
5.4074289801312,18.5519705153229,1.7356710635815,2
2.72223286298089,12.0159292455278,0.863084444990193,2
3.61787242660933,15.8048650859135,3.87978800778874,2
3.67877615090336,14.9405883314391,0.572868012040047,2
4.12486578310124,16.5949222269501,2.45679549958048,2
5.94786707677842,20.7023931155074,4.64021769966116,2
4.96671088000859,20.0185353189656,6.55490539331674,2
8.09555506225347,25.6716288633423,13.6822010012795,2
3.21190165206956,14.3723295188544,0.516858856007617,2
5.40666338085522,18.7966094282201,7.39662660754469,2
1.83030559777279,11.8157421242867,2.72726812237119,2
3.01184294387828,13.154060736025,1.10564272959227,2
5.26588803399084,19.3388164494803,6.368571209243,2
3.9059466899192,19.1904419451391,0.0072876010988426,2
3.81092502756122,17.8589115834243,0.598390756490266,2
2.77804959766716,13.5987618985059,3.90366395134504,2
8.13498587504039,26.82932241266,13.7833717422318,2
4.68463867048102,17.5504305664579,4.62410036388536,2
2.64994463800837,14.7226296652301,3.03423600031992,2
4.31918557083199,18.8845957403339,1.16905184462641,2
3.24432881702964,15.3929323815649,2.10809200088013,2
7.96579842514474,25.3464669854645,12.8037875952402,2
3.70097837543568,16.1081849646567,0.275907146227115,2
3.21705644297966,16.6577682723903,2.02735884860824,2
2.82908320143039,14.725229087812,1.1900607806278,2
5.35702610985907,18.0784692177216,5.99057869050488,2
5.1255344385619,23.2809793694023,14.6329534807147,2
7.65021749549753,25.0707227612931,7.89340657586758,2
5.45257011152685,17.6993517201791,5.06068533923772,2
5.06543399745615,17.6616771355433,4.83117244316297,2
