0.220905946832755,4.81876656845148,1
1.1275178827099,6.82236419381001,1
-0.386704494334179,5.42694156603078,1
0.118504109617551,4.20169635422919,1
0.489755470224378,5.86917274031443,1
-0.475235814536339,5.0106699148647,1
0.704316342072752,5.91255052220264,1
-0.932217787370988,4.75313858214497,1
-0.614521491601093,4.69909983670624,1
1.07556656920349,5.51618221964934,1
0.304127737190371,5.67668863918261,1
-1.07559874597574,4.48568822254851,1
0.884034403872377,6.53613201262117,1
0.449978143768649,4.59751236193122,1
-0.56847864979769,5.06408018255662,1
0.742245358742484,5.23028750077423,1
0.0287765589342907,5.25687785834362,1
-0.0821544766911364,5.73800431567809,1
0.274054055600235,5.17454145761874,1
0.134806590051566,5.24592175048588,1
-0.203500802837354,4.22073195518951,1
-0.0950672826641701,5.16676215771326,1
-0.667306013715695,4.80541379686525,1
-0.988845426400071,3.71202785565098,1
0.324239469950084,5.72115174702892,1
-0.368574664233046,4.73880012126997,1
-0.250957306626605,4.89774556398149,1
0.519371837443442,5.13562258442505,1
-2.9690640874357,2.77799220615005,1
1.37855192782164,5.20820933467331,1
-1.06141279567684,4.05780512142045,1
0.71139439554547,6.17925408439616,1
0.0132193349913184,5.76775660104453,1
1.02411660339758,6.44088698509049,1
1.65502211025293,6.24004875130781,1
-0.120548098455824,4.61285490411522,1
0.222621845964863,5.35008425612603,1
-0.84433621642157,4.50877701497952,1
1.48934401862436,5.44019891316517,1
0.30686209223584,5.75174419395924,1
-0.111125609503708,5.33886377151062,1
-1.14098989314446,4.74431128757719,1
0.811570116417219,6.55495307202996,1
-0.871583322697403,3.54014225301849,1
0.964428251408328,5.34571235193223,1
-1.10952805873749,3.40850407820717,1
-1.45149388829287,3.92574328957397,1
-0.86384578707615,4.31761954998195,1
0.716693723446447,5.50328551238965,1
0.132922224035293,4.41552231060253,1
-0.912710139621462,4.97502245286802,1
0.63583714744285,5.68424533248116,1
-0.752645963117929,4.51605200883125,1
0.228185337098273,5.26750911054657,1
0.0332201931443301,4.31448539431709,1
0.120415631389181,5.21341663636459,1
-0.940837633772363,4.03666012351666,1
-1.42797709111738,4.18125478340076,1
0.883525889068034,5.65765515704252,1
-0.429174498751384,5.04395384349634,1
-0.427963075672603,5.76949106281214,1
1.62534571685138,6.77465754117834,1
-0.989472927073792,4.04972284711765,1
0.574367139062619,5.6586471715298,1
-0.681820147605719,4.42316683121779,1
0.492439901864306,5.05287813837164,1
1.02153431327954,6.46848489532695,1
0.245016647067766,4.19802814545075,1
1.8332262703762,5.49466451082319,1
-2.00555670505587,3.46246998440991,1
0.836988015083689,5.99528736846811,1
-0.165104367450872,4.89536470015229,1
-1.28181547997245,3.60114568525985,1
-0.153262391744134,3.8004235447926,1
0.511938331136356,5.81190672746262,1
-0.228897087556889,5.26939915103796,1
-0.358874719080548,5.22480290815334,1
0.272472730145799,5.1330609482478,1
-0.240675859340747,3.99932254812182,1
0.501117300445056,5.49187529454143,1
-1.80304266849176,4.16061043472942,1
1.26026608226147,5.36733653690705,1
-0.709897725885191,4.04453568294167,1
-0.846607355240499,4.70637199159566,1
1.5157577302146,6.44006284443279,1
0.0523303469721688,5.50076746886948,1
-0.340954891334421,4.5932863550493,1
1.06719617291577,5.68446000381115,1
-3.48396708353113,1.25981525357611,1
-2.41551357963687,3.1114136686566,1
-0.141253246913174,4.10913537915671,1
2.18034003825373,6.77078782707562,1
0.199732560093383,4.88020896189974,1
0.751385557826518,5.60815366196661,1
0.54929786054756,5.01092781020579,1
-0.709297712325808,3.83624720540761,1
0.0769713299811249,5.72427113312835,1
0.0983344181786796,5.47789834308651,1
1.70130771394379,6.76003799776693,1
0.112304031181911,5.59385127225337,1
-3.30260656353366,2.60791908494257,1
2.68779657503055,6.62608919540495,1
1.01988348658263,5.23361134936117,1
-1.61876247986885,3.60673670585542,1
-0.974705142394868,4.4223549939163,1
-0.882566503139895,4.88022121154843,1
-0.195293950449315,4.82177339321142,1
0.105841229155102,5.04705544373632,1
-2.10219037413286,2.70112389139163,1
1.87031324995103,5.99234832032371,1
1.35994477923415,5.9733777932323,1
-0.327538153846739,5.31857731039129,1
1.28038337291052,6.69468793397547,1
-0.267124711647483,5.06968862574333,1
1.50870116790612,6.06592828956326,1
0.0779053097500224,6.151350279523,1
-0.357623881122781,4.44821648306211,1
-0.705377835310159,3.99350287138426,1
-0.784038205539109,4.77227911665158,1
-0.791200763125682,3.67243832501801,1
0.617250405216486,4.78714383980525,1
0.11346951496519,4.99588281652506,1
0.33694100200784,5.07493161873751,1
0.889756283978107,5.57051415790404,1
-1.39542784517833,4.57521719615357,1
1.72593127736447,6.86615219560648,1
-1.58834600233694,3.654076645398,1
1.12178782406523,6.07862002951247,1
-0.918802079646613,4.5602165286717,1
0.65789369908478,5.96031364791353,1
0.00546423985599112,4.77391020003151,1
2.54705527646289,6.8077172569172,1
-0.976652073704683,4.14342829017514,1
-1.52939108909528,3.89645302896894,1
-1.46885322134777,3.63079789722153,1
1.32591177065766,5.94447399596662,1
-1.46406676066626,3.42835225892035,1
-0.385267068618041,5.19438425311005,1
0.423824064291235,4.92497896744845,1
-0.0222172393604445,4.38440823914532,1
-0.986680819553844,3.82346039546939,1
0.676618427749812,5.86895726113368,1
-0.322718581624643,4.87771302802882,1
-0.630851035686436,3.86301161458339,1
-0.0208984076008132,4.52724627542854,1
-0.425216227646533,4.4234932201349,1
0.347487054143485,5.34034383139943,1
-1.14038096726485,4.28880939469842,1
0.289856359349327,5.5008270851017,1
-0.86764804529903,3.24893690102691,1
-0.952905576012635,4.49642809946123,1
-0.0876767467732519,4.40387748025464,1
-1.31969489599691,4.44663923068617,1
1.61870112399616,6.91698816145735,1
0.292104412934258,5.19461752465373,1
0.0918076610351732,5.49092037447439,1
0.3595596242296,5.73766958949503,1
1.00201876359465,6.31106914645646,1
1.6687716923315,7.04095984974799,1
-0.419146996129451,3.35856250682353,1
-2.5853572127655,2.88742091875431,1
2.02808275380577,7.19164796435376,1
1.57837284762919,5.61359270118971,1
-0.113283340951909,4.17431697043036,1
1.69495117052371,6.96455210460346,1
-0.950363654141579,3.68883864493115,1
0.431167180734623,4.61174415504593,1
1.06675294308948,5.82201326369373,1
-0.0406267688556376,5.76983365277006,1
-1.90594191731248,3.38040317149764,1
-0.0605288980341645,5.00214220427743,1
-0.394273001724093,4.62842138508436,1
1.33483180484496,6.22319801852164,1
1.39986310595715,6.25238322024164,1
-1.97584359268868,3.87478469172676,1
-0.953221684387426,4.12903980175167,1
-1.34078991239105,4.58593237460541,1
-2.05003671626936,2.53571398169911,1
-1.38084651462603,4.40560089990215,1
-0.286976169805992,4.82326555429785,1
0.729664985282419,5.40498394658258,1
1.98938545342386,6.88728986546311,1
-0.57268769677505,4.32784654649637,1
-3.60927884588792,3.16457065041138,1
-1.19084068249975,5.12505708665939,1
0.519698411683193,5.09861265978033,1
-1.22334103007167,4.75962256210546,1
0.178204078482887,5.17286901074313,1
0.42872217320558,4.75257243532453,1
-1.12956832355817,4.15725624927388,1
0.982187238122605,5.34173814194129,1
-1.37836287807941,3.69530593004054,1
0.669317515819155,5.36820123366322,1
-1.25623741901367,4.39751477691243,1
1.00927163683275,6.83049296680522,1
-1.58335836239723,3.47644990496443,1
-0.918085411030535,4.87050684787889,1
-0.212550528417931,5.9549979479478,1
2.50640386502168,7.01973255697267,1
0.448605526114937,5.79792056032075,1
-0.443061669902048,5.31985945235012,1
-1.48853603097598,4.46810897969692,1
-0.184409196459455,4.51039000909633,1
-1.94568454275575,4.12335192714224,1
2.94427043997447,7.71846017906956,1
2.40679655085838,7.40082753673775,1
0.148504171506623,4.77742037587907,1
-0.346985936645982,5.14269607781444,1
-0.0216461694708221,5.5529240417703,1
0.0301708513927873,5.28272472771525,1
-0.419825792495663,4.55191601698844,1
0.51197909042942,4.77653496675249,1
0.199141252554935,4.69724461433234,1
0.657655072381284,5.41312838657834,1
0.216895013176268,5.65562702625068,1
0.129667316526058,5.71940997544748,1
-0.79887222176525,5.09689895451681,1
0.478517346084773,5.08316258989283,1
0.984072474866859,6.22235708644924,1
-0.354054655965051,7.34107032238198,1
0.0793980264614645,5.21785515992091,1
-0.531647620345481,3.68283662982728,1
0.590752995088293,4.68079664676463,1
-1.62580588684847,4.52112400911332,1
-1.72308350195065,4.93220925250234,1
-2.43431513381216,2.70432301166071,1
1.0631316823065,5.65691353790221,1
1.40497401529057,6.72910753904898,1
0.833809237974608,5.79117802372001,1
-1.10675656027069,5.21187256027345,1
-0.195658038262376,4.64280972526005,1
0.0668412231217434,5.57395569529345,1
-0.0735791237175758,5.0159457168918,1
-1.20117448122628,4.38914160261342,1
0.109925672892074,4.44912378453554,1
1.16684023381715,6.09479771667142,1
-0.293123709065144,4.7910267312301,1
-0.204641102713802,5.32055243023829,1
-0.489667432199493,4.82397703407698,1
1.91689691066024,6.46709108267354,1
0.802325584293483,5.86214579939346,1
0.412414341702228,6.24329240266577,1
-0.870103907080936,4.83614610973836,1
-0.634559092103782,4.71604397282012,1
-1.74868554087274,3.71893022667766,1
-0.5942581425254,5.06572579226297,1
0.847480038399202,5.99266266067116,1
-1.10307473358857,3.98363334938619,1
0.146258149994931,5.53954340484913,1
1.16792785355788,7.01968658023054,1
-1.77049179738792,3.81927930372958,1
-0.0329818075604077,4.37835413154457,1
-1.70883822984723,4.25799940639831,1
0.661923973297623,4.21873949709285,1
-0.844634528667658,4.13701325428114,1
0.313656829612741,6.27027638663441,1
1.90991952819472,7.74748760948794,1
0.755658525702006,5.49328600467245,1
1.24877145301279,5.58310778690226,1
-0.843053576154627,4.60494029596,1
1.34146427053311,6.09778104874741,1
-0.118452345801474,5.09608771359521,1
0.855383570562812,4.87460475717081,1
1.78878159733686,5.7699538497636,1
0.40404856403304,4.67777131886148,1
1.25460223037338,6.10784534036576,1
-0.955963063918773,3.53486704105219,1
1.506238896493,4.96240742730981,1
-0.378067603121925,4.25769359962027,1
-1.10691960636755,4.10264747510662,1
2.36864750183468,7.34515045599535,1
0.510668887247567,5.79339563891872,1
-1.18926167263385,3.92660254303341,1
0.577223120954178,5.22840796813404,1
-0.715587355002077,4.00137264948586,1
1.45079449989758,6.66306129964329,1
0.142280379447094,5.24627674656737,1
0.756198789873841,6.08288888311362,1
-1.22157945046672,4.08276670392457,1
0.690881814647258,6.22082285214369,1
1.55178023346514,5.91676101958266,1
0.704546624054011,5.23803711768726,1
0.841438000133436,5.21993212523854,1
-0.790804298087169,4.4196784864746,1
0.670164170006053,6.38896797989917,1
0.177097132913082,4.74152105460265,1
-0.413784591257188,4.23380714253925,1
0.184580204956599,4.71337477539337,1
-0.734394019877717,4.00586805824562,1
2.03733251268045,6.3589694769697,1
0.615864529327194,6.38617812128769,1
0.631750481214991,5.888036651356,1
-1.27650058183123,4.03568770921463,1
-0.206454234030277,4.71340164247501,1
0.572526784268599,6.92917748839358,1
-1.40025486260992,4.2912350906993,1
0.322371359039362,5.34836605275257,1
0.00869402060406308,4.85318510060033,1
-0.164927985538292,4.83249447014548,1
1.23925019108945,6.23868839097834,1
-0.946909485317432,3.47837284428938,1
1.55944947610401,6.99628065714375,1
0.601602004677096,5.63323914238371,1
-0.970579117555628,3.76021774851155,1
0.454989166524803,4.79930759860465,1
-0.714170775218916,4.04471888401414,1
-0.94144529933758,3.6457136090774,1
1.0047057835193,5.60179655632132,1
-1.09767717981952,3.8819199769499,1
0.187381980499266,5.38985925424981,1
-0.238490171309575,4.5089973011956,1
-0.0273666618709428,4.57306261190135,1
1.33086235826758,6.65223389073506,1
1.0599821077776,6.36914050347311,1
-0.160546707788499,5.27826217473564,1
-0.193216842649762,5.56409011731994,1
-0.915584966482845,3.2191860823022,1
0.163245445104404,4.56921787367534,1
0.236966256989533,5.51854441837294,1
0.129725741259063,6.17684612598566,1
-0.822825421888194,4.23526690272112,1
0.261154810167574,5.72147023272692,1
-0.754857854950847,3.84200616988902,1
0.779784186463386,5.98393964875446,1
0.616561991276915,5.91997552582737,1
-0.0810231092768664,5.12980449205872,1
1.39179555455686,6.58756265266547,1
-1.107394679283,4.23945201936518,1
0.316138103721814,5.46977050035964,1
-1.58357800856327,3.78030830707665,1
1.42600690619132,7.19957385301266,1
-0.583669596700451,5.27517400868888,1
0.528461501261306,4.8215011206305,1
-0.767840960751201,5.2616002851087,1
-0.132817757438694,3.79918992043092,1
-0.0800232842234233,3.73998039495949,1
0.0260386634946783,4.87697986885474,1
-0.212688670466633,5.02333725489188,1
-0.256445214683973,4.645458567447,1
-0.853974922658904,4.61485849961125,1
-1.05707497804169,4.17948384311324,1
-0.229204711649696,4.69939467559515,1
1.63536994045947,6.07760113579368,1
-0.397740414221209,3.85385431268536,1
2.88979368547755,5.38917687260605,1
1.91320373496574,7.33821490001415,1
-0.858308348406299,3.54299150341424,1
-1.85496456715381,3.16585622076402,1
-0.287390791348982,4.41652625753605,1
-0.142551193743634,5.27665954645948,1
0.12543718094804,4.09047278883331,1
-0.0851688626344564,4.81968854871924,1
1.37073245556875,6.00582240450776,1
1.06012257822295,5.12003342888641,1
-0.334449873257935,4.93265153926369,1
2.76295836087091,6.81081823675944,1
0.587549888830165,5.99045277385245,1
1.46629715875695,6.75133836240726,1
-0.513808317846028,4.66199903896675,1
-0.272526424728162,4.76722601184786,1
1.74799367033795,6.33138038954,1
-0.395525261533522,6.00335711341273,1
0.247402095828212,5.30626260457042,1
2.7378022886242,7.36646926401262,1
1.42662696122225,6.30183916703271,1
0.924316345491755,5.34019644266844,1
1.92659997537919,5.98921444570234,1
1.87001146276742,5.96068080266899,1
0.338342172677574,5.98871229377847,1
1.03014324746095,6.11922876201596,1
-1.30931302915989,4.98963020677618,1
-1.08855917651972,4.04282015010143,1
0.716136799541478,5.69250110975437,1
0.742916041515696,5.78798085317822,1
-1.77241908934383,3.94919076397193,1
-1.16547440862296,4.34242602657023,1
-0.200607712929922,5.52506977548494,1
0.0957465133993064,4.10537688294352,1
0.353590575821817,5.14619642429678,1
-0.0326511277093595,6.8474417310625,1
0.739232927875418,6.38876892492247,1
1.53258084763007,6.20464794214638,1
-1.6773159859298,4.04896490432541,1
1.11116561854334,6.15371486154995,1
-0.577544761305561,3.93504978485627,1
0.756345226228853,5.04252015256523,1
0.595739841467383,4.51914893276398,1
-0.0921072369412123,5.00351686621041,1
-1.01478138547935,3.85917361632996,1
-0.300570212175013,4.27815692741734,1
-0.103912703576547,4.46446374965341,1
-0.557425229965928,4.8020122671028,1
-0.150439757735688,4.922489191059,1
0.64504219926696,4.74350958842786,1
0.324585065542824,5.8373401112428,1
0.434219282236008,4.37635546888252,1
-0.116522739666073,4.66765068449245,1
0.370115685027544,7.02988887771813,1
0.407871253169148,6.06524805096852,1
0.54794363733897,5.85330227929621,1
-0.202880633363036,5.6037127486541,1
0.963063908472172,5.08004028628596,1
0.0927595795765861,4.82305441094512,1
1.13751110240052,6.55286798986732,1
1.96120959080959,5.84088764456892,1
1.94366454926913,6.71165360961473,1
-0.0545751482508041,4.6066436716919,1
-1.02672756786446,4.09970350130127,1
0.30315004380693,4.88741812340534,1
-1.37758746007264,4.94727142440167,1
0.651400870955223,5.79989246880267,1
2.20061212574567,6.08709505264946,1
1.4487774076195,5.46828577113193,1
0.611713980431107,5.76197132391749,1
0.614165675315011,5.0712866375268,1
-0.172894858363539,4.87770852256214,1
1.23368567095357,6.19951382961822,1
0.506098882136726,6.31886318653499,1
-2.13217108638768,3.44786585649808,1
0.950633149785012,6.4249506466897,1
-0.448774004594582,4.3970008538151,1
0.553787486140484,5.68232110696078,1
1.97700379324957,6.62086067003198,1
-0.509430774734317,4.89375210955173,1
1.34374214611896,6.73151357233274,1
0.302303130271249,4.86504110451281,1
0.58484953045366,5.29400923212062,1
1.08267028909865,5.33372509809213,1
-0.657956145962964,3.90158508449241,1
-0.691881978501098,4.74614808136904,1
-1.75639438310629,2.85899241190759,1
1.24023800240123,5.35901420258723,1
0.258867302108225,5.58961888535621,1
-0.826726314243393,4.80248831650832,1
0.880208045736358,5.89807054057598,1
-1.40438461311275,4.10591791479315,1
-1.76759955654975,3.36038359174932,1
-1.27036939650576,4.81669822001126,1
0.853023450014605,5.43430985886087,1
0.620162686930323,5.30295844106137,1
-0.590402520064982,4.54334243223061,1
0.789546688896264,6.12639556103118,1
0.0997150094606661,4.92693063167349,1
-0.460298368132912,4.81043417472421,1
-0.0356846284677586,5.039695386825,1
1.60398340183867,6.73519604266738,1
-1.16475849261827,4.08743512295967,1
1.50358402151819,7.01880446070206,1
0.88984442416024,5.34729297355363,1
0.924118910541676,5.45416265939022,1
1.16798399359281,6.54445997658861,1
0.324872188359167,5.89928741622378,1
-1.75551321163495,3.87208669408914,1
-0.639523378644348,5.17081308364313,1
-0.79498955152969,3.71014975184829,1
-0.320006435400306,5.57801114665214,1
0.700901106761084,5.46265044721182,1
0.401333401227004,3.99373348712301,1
0.251467582899206,5.49008614730735,1
0.143382803999483,5.59778261236677,1
-1.09416218420873,4.17861976670635,1
0.152743281581866,5.37897458689095,1
-1.49655088017205,4.12488641626806,1
0.705606888254244,5.29559899675664,1
-0.450585292819679,3.29838502345138,1
0.324403883294162,5.17367822690023,1
0.549128699631719,4.71949732557099,1
-1.3314700950179,3.40821483609097,1
0.952274603389468,6.21340476096872,1
0.0687765104770985,4.15223242224736,1
0.062266492102032,4.8605413003072,1
-0.91981164706258,4.48598193117859,1
-0.140435058069295,5.72847089300879,1
0.786948269787708,4.92719500839919,1
-1.85221318417158,2.78295702410968,1
1.27772869220545,5.04147123934597,1
-0.756928183329267,4.07077128581669,1
0.375555779423186,5.03153949498181,1
-0.714057918918403,4.82119340019654,1
0.708387226813597,5.94215609284325,1
1.8932409317885,6.96684419638643,1
2.41656575055339,6.54601771217898,1
-0.825807919966224,3.21473481314155,1
-1.00461753103512,4.38788699794718,1
0.811527862071021,5.41476195227289,1
-1.94724071521275,3.59910081990101,1
1.84495398448713,7.52342625430655,1
1.23400258124061,6.48055598093359,1
-1.04377976057844,4.29436749861539,1
0.633955805144599,5.20391886630175,1
-1.45782072568435,3.61414603620501,1
-0.0314750368662446,3.49755108186633,1
-1.20229308614269,3.21553812364626,1
-0.340853237271693,4.72793226366633,1
-0.300042122128794,4.38583893556586,1
0.288488358311627,5.64117219493197,1
-0.136724813328928,4.57216031960807,1
-0.0808653908212112,4.99979132521802,1
-0.397079583269087,3.9070410988973,1
1.76330399175104,6.60236272065388,1
0.564571613435887,4.50141886394149,1
2.9044229833896,8.49743278304036,1
-0.390260999796001,4.42371479283273,1
-0.317732132361847,4.25497914783118,1
-2.46939836606028,3.78497780881319,1
-2.2511907673025,3.61431852674542,1
-1.60386226365207,3.98418577974452,1
-0.632371202338591,3.99627370020323,1
-2.04533037193581,3.64392896927802,1
0.118358404740242,5.6980221058842,1
-0.28587680328143,4.36514270823302,1
-0.407916864626435,3.87732946166133,1
-0.949868700921135,3.66615934926524,1
-0.0442726263219113,3.50995456700808,1
-0.19196618830076,4.15682402524951,1
-1.67272508097625,4.24344360735217,1
1.224030584571,5.77805942202497,1
1.22549495828693,6.66312026488532,1
0.781056641617065,5.55390053605152,1
0.424085369705887,5.32251936472266,1
-0.679683916770598,3.87314712116396,1
0.597524162460323,5.21020686548418,1
-0.73887230671339,4.61815916535061,1
0.329839485107379,4.97932870967789,1
0.441670197197531,5.1264245963963,1
-1.04072906390795,4.02330522773274,1
-0.132951773839281,5.13986354248516,1
-1.61213767277338,3.64802703908648,1
0.784255863733223,6.31347857477126,1
0.687318846594946,5.55668782898122,1
1.10940031829616,6.60395810725137,1
-0.0810093057121526,5.33132589530409,1
-1.9499721245524,3.67450170315049,1
-0.785971639043638,3.8263451973816,1
0.18342435677918,4.053879702915,1
-2.00575915287064,4.02538270453826,1
0.413452896083897,4.52773582260755,1
0.940725133316758,6.15728435009239,1
-0.394105017062057,5.57218802977063,1
1.08941551776498,5.77392948235602,1
0.85565061223013,5.36054027679315,1
2.09842259424052,7.26444620036311,1
-0.679450461452958,4.38373262135945,1
0.173601682599878,4.74674317512904,1
0.137659061516121,4.64015699495878,1
-0.480053477206182,4.28731745165993,1
0.345042749572935,5.88819319532224,1
-0.628263693392297,3.90598325636457,1
-0.210180537184,3.93298415302231,1
0.369124473377914,4.76493228755516,1
2.02724205775578,6.36953357106983,1
1.45474938704981,7.66054785717979,1
0.365761702154323,5.44496254710504,1
0.389037435824351,5.16296061699448,1
1.08549554420567,6.10627887677556,1
-0.760830381456342,5.72940567766128,1
0.256958843506933,5.2662367767492,1
-0.747399207259148,4.00194019117303,1
-0.128421714641556,5.34935558904311,1
-0.341495694954886,4.60468268552661,1
0.54440187271735,5.16095046908673,1
1.40976106373182,6.39134694770883,1
-1.04144172046661,4.08112940968642,1
-1.35767697033255,3.74398932615636,1
-0.23406732234053,3.64884205976078,1
-0.743313076268855,4.66870887735358,1
1.2170164618152,6.29062309962231,1
0.974756647471433,6.00302526400508,1
-0.476464980496603,4.77603356754978,1
0.166062643466052,4.5963179232999,1
-1.23480928043562,4.32271267461044,1
-0.251024205665806,3.96453962783913,1
-0.149652043831289,4.8730076078429,1
-0.168758585972593,4.33306347262937,1
-0.751003852809163,4.37828584380915,1
-0.987321789555374,4.00434582960551,1
-0.28080345747677,3.76961683458537,1
-1.60696717134464,3.59410064888825,1
0.727034336678654,6.15714351511518,1
0.947487562212363,6.07807018043843,1
-0.464830464448173,4.545045959999,1
1.75898200776771,5.80806302657971,1
0.986783893230075,5.74920272765204,1
-1.27311142704137,3.82027794341215,1
-0.560305782994792,4.97555432104176,1
-0.529050090531124,4.23933238120435,1
-1.45663865278302,4.1911816758696,1
2.09757715428067,5.62220058611584,1
1.40025861883909,5.93345841145224,1
1.40748735015909,6.11962307864405,1
0.693829923444853,4.88802303669119,1
0.42828813004855,4.65411539672715,1
-1.71150496659326,3.98930952312543,1
2.04581099970348,7.67626311206197,1
1.04503425207156,6.76483218787404,1
0.981487935563152,5.22854140814279,1
1.56031868936344,5.44440514738788,1
-1.52176528323895,3.85651441420671,1
-0.0600387296049568,4.668268158933,1
1.47127957276243,7.0430332328645,1
-1.01256090755439,4.88742242408782,1
-0.000113290070585821,4.2697400715154,1
0.279110502208703,4.77368813671997,1
-0.0644126710317788,5.18156907831883,1
-0.204951767472195,4.84940872764705,1
0.280476492622406,4.29356375155177,1
1.6739383785773,5.68856310153677,1
0.264322476844631,5.11519353479071,1
0.233417661024916,5.94727916653528,1
-0.752721271690071,4.50316751651913,1
0.696772599072128,5.49289271967988,1
-1.43325012730864,3.79334788912311,1
1.87468735912378,6.52373000283772,1
-0.254710196066468,4.78474575447933,1
-0.330515304186841,5.10295049683063,1
-0.29668421512301,4.00319647968744,1
0.156018303009859,5.18234486621564,1
-1.85368102238322,2.96288129001722,1
2.06148283778933,6.88225803725137,1
-0.760207703980732,3.73114093975384,1
1.92380805422439,7.05799548077003,1
0.992779435423121,5.58122154728481,1
-0.246951167720332,4.91685998097809,1
0.385113300390916,5.90883686940804,1
0.451441382917753,4.35973090880096,1
-0.737324400884183,3.96189753186358,1
-1.59718848621651,2.89642217436275,1
0.982452670736536,5.97506414203967,1
-0.0729440170780063,3.95853684807339,1
-0.345057538390434,5.3926744362472,1
-0.184830252781873,4.36413321304232,1
0.371423666681206,4.9602241858703,1
-0.232698285118275,5.38757242049945,1
0.128240091266479,6.13517960873788,1
0.325488313027553,4.79210697411933,1
0.660177336447116,4.41883465958781,1
-0.237822968029288,4.67394625699562,1
-1.69201056085489,4.04031454689769,1
1.28789728753855,6.33142944337379,1
0.29480013454572,4.63579044574079,1
-0.4756428784182,3.20721348563025,1
-1.45759945721209,4.09760002822017,1
0.710256127555525,6.50305789797734,1
-1.81047077981302,3.107210014188,1
-1.73216020295195,2.60176028525144,1
0.778984082750833,5.20189850163812,1
-0.822143686261547,3.83374360422194,1
0.641564002321083,5.11682938964221,1
0.0853679520641257,5.63953949982032,1
-0.076650005416691,4.38065224252659,1
0.181775941779384,5.19182353005235,1
0.0626196406411022,4.92984417928359,1
-0.39873261334351,4.87247905479368,1
-1.7307934563545,3.96844889800967,1
-0.842443947346653,3.77720756450584,1
-0.0390847047221849,5.25008423275646,1
0.37510674714284,5.70177301602301,1
0.160927350123449,4.57650002658085,1
1.10290606477526,5.93186032452117,1
-0.909873830154372,3.45682325787199,1
-1.05736208318986,4.64874017046625,1
0.821268502155987,6.01415420649835,1
-1.2625253928543,5.11320272576236,1
0.703962317445899,5.91612163362113,1
-0.629756021006865,3.68557499106698,1
1.16552116328711,5.27454451362284,1
0.41438503061314,5.08586447000561,1
0.824034059167518,5.60717322993905,1
-0.136309726079559,5.31841611753213,1
0.604602584154961,4.6754302644191,1
0.323105392107504,5.1258334304249,1
0.57537605067099,5.39239353602436,1
-0.552836686426258,4.78640876235604,1
0.20493538932363,5.41080121439279,1
-2.2126060447059,2.09093899552331,1
0.251092664873282,6.03157675005779,1
-1.15770853782124,4.04485798935852,1
-1.28636026746169,4.01676197572968,1
0.898675504465067,5.64037265395897,1
-0.930023296671366,5.01480741781743,1
1.07525157708773,7.00291637732223,1
-0.965066666472937,4.32733422898452,1
-1.70897332883048,3.44358400416854,1
1.17298518425928,5.90194815860185,1
0.17924716957515,4.75195614498577,1
-0.0758194670813009,5.41307200527352,1
0.995380030125488,6.94188332575996,1
-0.00748187951896666,4.09774516853919,1
-0.694694046379415,3.38448994774096,1
0.621061049351064,6.73381234334774,1
0.225848215236726,4.51648212339665,1
0.612443251105388,5.27323581796006,1
-0.0555790240581503,5.99805687842213,1
-2.0539269973312,2.32029385962382,1
2.31833434396522,6.36167789729451,1
0.124104376052798,4.37266265827939,1
-0.382795588118854,4.93554775346044,1
0.116412435410235,4.69171725907137,1
-0.750929537829786,5.35163189813439,1
-0.540753807284203,5.07645835230945,1
1.95677321970689,6.55957339032081,1
0.272944767082698,4.8810932202717,1
-0.323018582876955,5.18712816324874,1
-0.689289966750112,4.27941252946079,1
0.664739257451386,5.38377287530258,1
-0.696442728275446,4.02620961877223,1
0.985939742573237,6.38409610114025,1
-2.16042502554593,3.78462131426954,1
0.589551043002563,4.53515767346574,1
-1.19017170722732,3.51651612612981,1
1.54492005037001,5.24061969215124,1
0.369533009918882,4.72620130418524,1
0.886144586688106,6.11287240312054,1
0.364245487072246,6.13598784738655,1
-0.913101142390898,4.4586964294089,1
-0.770269134590978,5.32521989023488,1
2.64338664524171,7.43849240433671,1
0.944587413596075,5.86063893735395,1
0.411786962848751,5.10067338276322,1
1.08855019997003,5.77833762033549,1
0.538427339506332,6.01865963124092,1
-1.50120799035928,3.47135933488348,1
-0.93989554963715,4.76388391511423,1
1.26516250014709,5.56887740722187,1
-2.00273497854468,4.14021355803089,1
-0.629176350435474,4.22579299740341,1
-0.378465049178151,4.81090266856723,1
-0.418461235751472,5.0668034601691,1
1.26845163991166,5.9543640289293,1
-1.27556465194764,4.32906255190157,1
0.235447242568192,5.79312742283492,1
-0.422904670405792,4.78188670974845,1
-0.34524449439878,4.5451193686189,1
0.294203839351693,4.94226604316324,1
1.27275935803092,6.00346277487168,1
0.196522777822725,4.73606059085837,1
1.03232419449174,6.09540923734674,1
-0.451900489442908,5.4087529149312,1
1.63444965300007,5.42154735479806,1
0.911044450351281,5.74624626986781,1
-0.492309983174429,5.95354286580279,1
-0.667676719513899,4.76381965713007,1
-0.990590094166823,4.5395387392965,1
-0.0112466660178407,6.10089464189388,1
0.0829653586685439,3.81453189816229,1
-1.02462533032455,2.71227400212039,1
1.76453632942276,6.81807893483595,1
0.981304709433059,5.78925965497864,1
-0.1747505866903,5.04776962334382,1
-0.962894335933103,3.59865355178782,1
0.76184390909408,4.63408725966769,1
-0.565599328212891,4.00979633338361,1
1.12444567913848,5.67495525364955,1
-1.76719864699487,3.90728808550458,1
-2.15964315084181,3.535842658181,1
0.933175238973759,6.06383032449399,1
1.27168776336882,6.46760448131718,1
-2.09157934030469,3.03051819626577,1
0.309807392902437,5.40961310293451,1
0.469639438774329,4.98871973211091,1
1.30006752247386,5.98718763083587,1
-0.663046817589658,5.52458862138254,1
-1.74040456534283,3.76472697239067,1
0.978229996262265,5.69945193491481,1
0.15079232139829,4.77477298108105,1
2.61414273265994,5.96499418605448,1
-0.388276973847729,4.36008771035679,1
-0.287653837382315,3.9282980328368,1
1.06384795251212,4.99625283930128,1
-0.791174879095565,4.85238794765786,1
0.181323948211979,4.36061135477199,1
0.144853691484456,5.31925677566071,1
-0.300593912633667,5.06912497883376,1
0.739581324942045,6.4607528319851,1
-0.155122841850158,4.1499088534145,1
-0.0935689844939848,6.62778682688928,1
-0.0465475697722487,4.8384855805787,1
-1.03331546907402,3.94383875282853,1
0.704135583552812,4.16757133574976,1
-0.286213226267719,3.87011962220372,1
0.0707664065090697,4.86433840941754,1
1.37456276481859,7.01855272282081,1
0.129288139050104,6.17744763943249,1
-1.57395440163868,3.67532552713689,1
-0.917002635184706,4.13910795575243,1
-0.358299523078673,5.41825286335934,1
-0.585261231184673,4.08343490539387,1
0.890356537868027,5.31128917165112,1
0.00850122275229471,4.19481358676611,1
-3.33855297014467,2.82005391538913,1
0.376547937600846,4.14323649176179,1
0.277418809944368,5.22999500024431,1
1.09875429738447,6.73020032018714,1
-0.457032056506104,5.37066181108048,1
0.775937088862689,5.34701853332724,1
-1.23937756376001,3.82228961373293,1
-1.24098121730943,4.41479516141024,1
0.00103905800772436,4.83631247572671,1
0.16684457488705,5.18600521566955,1
0.0904386000211122,5.27399034680804,1
-3.22279827703888,2.61974284950186,1
-0.109532165019202,4.59326621737197,1
0.61394957236528,5.04718497087261,1
-0.925612141786396,3.60316358942292,1
-0.208866697068143,5.12661161053772,1
-0.930049228608308,4.04630330234167,1
0.623683164660305,5.97819773792281,1
-0.058540179077954,3.69557927392258,1
0.973911134696047,4.61861113835346,1
1.2185558093349,7.49349231027634,1
0.83287354903572,5.10780577586996,1
-0.283372502268861,5.35690478537851,1
-0.20546228627803,5.25598204493697,1
-0.263042550545918,5.47750075192346,1
-0.11197938793308,4.79182040128021,1
-0.402305078743606,4.98595295323013,1
1.40510231095064,6.67578347138199,1
-1.00477859212894,4.00631820131926,1
-0.386618119736919,3.95603463868296,1
-0.802406384435615,3.88940629502223,1
0.270370735271529,6.01055731061073,1
0.37118610472893,5.81068851412605,1
-0.200795109369915,4.87176392792354,1
-0.617115055950305,3.44188737451433,1
0.00104849636977012,5.4118017997779,1
0.997313637407957,6.78681891445237,1
-0.54101261621051,4.81687210312819,1
-0.0704591721187885,4.24649313939458,1
0.988593641211096,6.28330087869365,1
-1.83097556385628,2.71122602002697,1
0.306664105105696,5.16720325459811,1
-0.71403745370088,4.14784421215405,1
0.837865800611283,6.02634645018749,1
-0.120290216336075,5.49169240445995,1
0.653649686671297,5.77377298884042,1
0.530919077842058,5.84501441886063,1
0.503494756916324,5.12209510818557,1
-0.762225692508191,4.43972203627091,1
1.28424502053642,7.01300585938021,1
0.625799531829443,4.43210795784761,1
-1.50046187354751,3.8800785481345,1
-1.96865625851912,3.28788374761924,1
0.990047187392029,5.42159937149032,1
0.869410681066207,5.52213011136684,1
-0.304523004019709,5.26222213336262,1
-0.228822338306163,4.87013955521717,1
1.07179836427062,6.17509987170055,1
0.909881046987093,6.22857208209308,1
0.702730868629148,5.38292440709492,1
-0.558901830117144,4.37200930596648,1
-1.01965791552456,4.05634367984813,1
-1.21721509193998,3.73145650042786,1
-0.687329918929655,4.72948898926286,1
-2.33189487658742,1.25577319129026,1
1.5056889814591,6.47400276720325,1
-0.220502310775855,5.49532778959205,1
0.270852749678641,5.45246087808205,1
0.586049170411742,5.34853425287414,1
-0.375290850533561,4.31803194117891,1
1.80921046639335,6.21458562846616,1
-0.0578015610216924,3.5777373288914,1
-0.219456969249715,4.82201079826723,1
-1.89539858834438,3.02604577579788,1
0.342741733925823,4.41814859728554,1
1.33610246937281,6.61517115369459,1
1.62700172158427,6.08001936521644,1
-0.266254704578161,5.07979607234105,1
-0.674404374487257,3.55423591658903,1
0.609962074727735,5.45709075348797,1
-0.365418591612714,3.96909241097388,1
-1.43423830804429,3.11948684758998,1
0.779109143328962,6.55227560075784,1
-0.679368530102541,4.53761391685747,1
0.953779633929131,5.01951356903967,1
-0.165540370657486,4.24919494851572,1
1.25471621395255,5.55928936371711,1
0.326737015315974,4.7428041881056,1
0.467692454390313,5.65116928424659,1
0.259976452293177,5.3267394817272,1
-0.628032332115724,4.54218957384588,1
-1.10717752565189,4.30072870898385,1
0.365095568666805,5.23288707100942,1
-1.05762676789361,4.07208391800609,1
-0.458177322897848,3.72178227123816,1
0.505648660169482,5.31470587532877,1
-2.07647546373198,2.92858361338824,1
1.49008483399209,7.04060569773198,1
-0.591809153380368,5.07932714413812,1
-1.01469520014434,4.56472410021792,1
0.125267797956565,4.95071419385436,1
-0.175277598316691,4.75405892729141,1
-0.749274634407644,3.86867674728774,1
1.09705810028677,6.49799391042135,1
0.723588442683905,4.26143708066572,1
-1.08929744880209,3.95180277475648,1
-1.0338116045741,4.71348983400441,1
-0.167366341085082,5.27653896396173,1
0.842634737575978,6.34844063205381,1
1.31519397561397,6.71891755649101,1
-0.691655698117096,4.42199225282912,1
1.36351377815847,5.63225085796959,1
1.37306665873943,5.64814593970259,1
1.16372994620902,6.3137238765941,1
0.254182677652467,5.71204383829423,1
0.324160360327712,6.06344227989547,1
-0.0448000299600006,5.28660680869917,1
-0.674121283954733,3.87142034965322,1
-0.618281683536276,3.42385654276868,1
-0.136102266467977,4.02958661258711,1
-1.98525314238653,2.60189799176761,1
1.24129300203062,5.48016007907631,1
1.42842870811896,5.28358160958604,1
0.00481581658745519,5.32650515135805,1
-0.845588589701049,4.90995161012053,1
-0.308712011070476,5.82925445131911,1
0.421165337552793,5.00497328517067,1
0.73716208371906,5.75592772744068,1
0.674561007921739,6.77764687448471,1
-0.484808182204557,4.35805258111562,1
0.487424539233459,4.90125242673369,1
0.607165541247338,6.07794797783304,1
-0.338010769590602,4.43030881892222,1
2.09197362462342,6.68557125195727,1
0.176392889376296,6.08131809190564,1
1.10636355411366,5.72161628271959,1
0.800806339648146,4.90037741508338,1
0.663371236426246,5.22407322324917,1
-1.07906452375596,4.06214769475065,1
0.738789059482721,5.14239728711515,1
0.263579987802817,5.13994205613242,1
-1.15765497937555,3.95140787851898,1
0.339381208977923,3.70917050715738,1
-0.12061035427838,5.29593833139897,1
-0.0988471115180641,5.11567184108285,1
0.834697490285848,5.18610363818714,1
-0.240004844129955,5.13139749968318,1
1.46805109353151,6.82587799124221,1
0.7957215410514,5.28999134670253,1
-1.01373895491023,2.75847001932718,1
-0.377038072004605,3.6543734641525,1
-0.756272542107946,4.62270677988575,1
1.51547158366583,6.04963836703296,1
0.199510532413322,4.53753471256957,1
1.43616540333617,6.06725582668099,1
-0.894097557034091,4.5102438410633,1
0.249449455163834,4.82845476268936,1
1.03881772473842,4.97389553299201,1
-0.516031801871529,4.58938037917326,1
0.999454790467482,5.73459111264866,1
0.0637402855889945,5.08724982052458,1
-0.109302839767901,4.75083866282833,1
-0.53946796261377,3.59593241582393,1
0.639959560162126,5.63298082601723,1
0.0923935414774239,5.05953341240679,1
0.287860420454754,5.4888530681817,1
2.17809516962684,6.32890831917511,1
1.11889606130832,5.8007742116229,1
0.288965918604253,5.22641857160502,1
-0.549267317521385,4.52723386305944,1
-0.014328164660661,4.16387534776685,1
-0.510855148816897,4.25023644047218,1
0.415637133743305,5.32420550682417,1
-0.506823559521974,3.83557692224613,1
0.409729508795743,5.12344904582599,1
-0.697954230377381,4.02985960420044,1
-0.16776425071225,5.99632469769548,1
0.514628006926566,6.20021675368981,1
0.652666977409708,4.66238445623295,1
-1.02107121220154,3.50793491146,1
-0.037638982058237,4.56834047111494,1
0.671048327877726,5.52797220578703,1
0.705520808985554,6.03048365842777,1
-0.668362732340899,4.9666034956707,1
-0.606836957758264,3.56337855226964,1
0.923946499950179,6.35993910645016,1
-1.14619254250765,4.10361961841589,1
1.80524483536394,7.3139016317833,1
0.523768609775504,5.65377666015454,1
0.763170102491487,5.55583313400301,1
1.73468366493916,5.83962617015748,1
0.217535987629025,5.5826837130607,1
-0.629512146293489,4.75977443736119,1
0.708582480329609,5.6037694650021,1
-0.438195078431885,4.43331745945138,1
0.129003077763912,4.50764114368393,1
1.12697949755796,5.74296967414006,1
-0.74992120487959,5.17728447766883,1
-0.244501925925854,5.19690311523797,1
-1.0659587185511,4.09612652400759,1
-0.442477374319591,4.48188230106799,1
0.0678119972471058,6.23369355704202,1
1.97023745962459,6.53905307615123,1
1.03119124772671,5.902032105695,1
-1.44841887699686,3.64245209069463,1
1.05511562041194,5.9333704642534,1
0.681019566517457,6.24326488542632,1
-0.553294974526942,4.51931598027582,1
-0.110281327729992,4.18869272925809,1
-1.56283969331905,3.2932771103422,1
2.66712237666463,7.02497258081756,1
0.0277545812957394,4.51053675734847,2
-0.387155399145204,5.70111325136538,2
-1.23527189342393,6.57507679583769,2
0.971100809381923,4.69207551195347,2
-0.91866442173863,5.6559530555073,2
0.672369022562617,4.71506986871874,2
1.4814654742714,4.05980889673601,2
1.25993444544008,3.08779309579611,2
-0.0577836296192902,5.34020050991375,2
-0.692411324979898,5.30816136818585,2
-0.28597704460362,5.75223712965057,2
2.19427070347784,3.79688543119152,2
-0.0857963224566672,4.39199213872005,2
1.26376382231778,4.52525399145056,2
-0.560786276254321,6.27309049166081,2
3.02303969885934,3.19844512111538,2
1.42079628196144,3.96696398305258,2
1.13578702113903,3.83137378055403,2
1.05213756613413,3.9601278552331,2
1.90469470869757,2.45074815198251,2
-0.0502211357365259,5.93506504675412,2
1.12441067549964,4.44193635831587,2
0.234856412901264,5.38200294507116,2
0.941540666564964,3.78556096084184,2
0.570092796742848,5.28884992566904,2
0.596471555286371,4.45416186702974,2
0.283026996426917,4.51211961523808,2
-0.694308876150511,5.67803068449383,2
0.394618655238772,4.68604145940667,2
-0.0818788585378466,4.99025096085513,2
-1.60397107423055,6.37563093957753,2
-0.211362784174766,4.22679145321047,2
2.10200765746913,2.4912417134297,2
1.33925622327882,3.61682942056155,2
-0.119294908527475,5.91670075769188,2
0.879253604777782,4.72156399542066,2
2.20120721825895,3.63673251247768,2
1.25504178547796,4.52791648583078,2
-0.908841847409751,5.7184492420012,2
0.559675506947332,3.79924129001572,2
0.900109078191522,4.14493445307576,2
1.05073316297871,4.04705080712904,2
-0.630008712047259,5.35546538593169,2
0.0250266779708531,5.18807345668783,2
-1.83076741829909,6.53172246694877,2
0.296365845176098,5.01980194069813,2
-0.216564331536225,5.02074709554775,2
0.336044772389464,4.36690956790172,2
-0.53865380167302,5.45489690538251,2
-0.580309068231928,5.68219402978684,2
1.83888217744482,3.71401600748031,2
0.141594424869659,4.47405166032001,2
-0.480430302204894,5.29541882732271,2
0.136948342985157,4.27895305046035,2
0.764183565332951,3.03362804357998,2
-0.836613766433758,5.91646416410842,2
-0.421272257152034,5.52968066873212,2
0.239716125966551,4.32587112518832,2
1.29470689937277,3.19500941337524,2
-1.66829662688922,6.64352086752834,2
-1.45991451491632,6.46322918213009,2
0.7640891845275,4.72259282030351,2
0.401023964364811,5.33860275231145,2
-1.15411632535884,7.55120769744449,2
-0.98704867227126,4.79469379956754,2
0.346610630487743,5.03036374533892,2
1.19853503368705,4.26734951067787,2
-0.109598595313176,3.67698786367173,2
1.08686472687122,4.6988440751326,2
0.0845381134509598,4.8776743404699,2
0.864728187472406,4.84448639011779,2
0.209104919518277,4.21957435044263,2
-0.50893094845703,5.14876507044051,2
-1.01638600035285,4.98795324474258,2
0.880628474490059,4.20986614351913,2
-0.919372852068722,5.10386616507862,2
-1.9208157714852,6.55393290906126,2
0.695131817919718,4.9494304202004,2
0.320018276473851,3.59063255387555,2
0.218268133693455,4.82148650989983,2
-1.07492630464292,6.40108391153908,2
-1.7162298095332,5.48000162920369,2
0.129839475446182,5.43050385356649,2
-0.31902134684173,5.01287077572489,2
0.401276610307845,5.66277528914974,2
0.979258544016553,4.67416674732452,2
1.26844718029567,4.51149040984681,2
0.623965075060636,4.25367056053485,2
-3.87729281184285,8.52203627440065,2
-0.535770428897383,5.0948359886662,2
0.317123382347864,4.79857423122844,2
0.371708808705895,4.79601806862689,2
-1.1238764711101,4.74590187695154,2
-0.970929385303953,6.47414634057808,2
0.452163069022323,4.92931558392907,2
0.682111346290758,4.08843899502439,2
1.7484655590179,2.85847268017609,2
-0.0265568487363445,5.24685978516689,2
0.365116396610274,5.16063202440395,2
0.87024595503912,4.36336129327747,2
1.29447857263797,4.3965245917772,2
0.296975523769926,4.71187534619424,2
0.789644196783514,4.95473209520614,2
0.641514254332552,4.53781942713294,2
-0.58572013815437,5.31952907623894,2
-1.81403252784615,6.40855225990096,2
0.92208273082866,4.43751686827199,2
-0.913781841220406,5.28419639974684,2
1.17927229244557,4.29157671628915,2
-0.348608121027891,5.16575406443551,2
1.79101731289249,2.542710759239,2
1.19799368490972,4.33059856108609,2
1.73063777435721,2.39427219985412,2
-1.69692665527691,5.8315486538812,2
-0.363162034416498,5.81410929910078,2
-0.416334927756109,4.55749763477739,2
0.185923417066927,4.6172699488371,2
-0.321764011339673,5.89611173382734,2
0.0586445305706964,4.65358839470593,2
0.550925725755758,4.39185074070147,2
-1.35874210313092,5.49051142736823,2
-1.65906502218811,6.78073127336189,2
-0.0791606350380471,5.03910358092374,2
-0.211994744662099,6.03192999333521,2
-0.533166280142436,5.14460971887991,2
-0.137794987283112,5.3344631091132,2
-0.0754900484739796,5.41507070133328,2
1.33857616358581,4.30214477199291,2
-2.3627030496033,7.22248123113746,2
0.498614909191032,3.80327814909516,2
-0.393975719202954,5.46386436812654,2
0.442472336484674,4.75168448407204,2
0.579242546702498,5.29253647800417,2
-2.19186609760194,7.52894971160799,2
-1.36845737729584,6.03758647374294,2
-0.067309790422915,4.11476284733222,2
-0.030737728831384,4.52944797936614,2
1.71210461056117,3.6595012559532,2
-1.55324864923421,6.07848350719959,2
-0.527483679190218,6.22379289373892,2
-1.77840208121142,5.81843027186795,2
0.761354629375789,4.33678495787169,2
1.43090264070279,3.52510851742969,2
-1.3062096746677,5.33428763837116,2
-0.387287461226736,6.0869355686476,2
0.714094188256344,4.58546147396737,2
0.71908185204036,3.34432936872451,2
0.755113465770225,4.7132096497455,2
-1.4767495855574,6.7626748331416,2
0.443908685513392,5.00995101128262,2
-0.00786300507230146,5.20626888114207,2
-2.07608210058607,7.33842758805213,2
-0.928784780929266,6.36509942390794,2
-1.21020277934964,5.83421551131727,2
0.464393174950889,4.13631650785443,2
-1.48493206042248,5.91844313486595,2
0.45166176488762,4.74168842583707,2
-1.15482965403183,5.96587352217609,2
0.0703970486274526,5.81703473099439,2
0.200966903683037,5.08002010350599,2
1.2574230954043,3.43764529848453,2
-1.37526691325776,5.66488877972834,2
0.0533082036221771,4.215662015695,2
0.690054851597386,6.09748474053693,2
0.938644439890234,4.00073952707258,2
2.43310435516701,2.61214083994364,2
0.154451013339682,4.87795362551924,2
0.719218634172602,4.17621852251137,2
0.84747744251198,4.77069266538126,2
0.811645780491569,3.37106541566304,2
0.229226310831006,3.93067394969355,2
-0.732999440774417,5.65565344197082,2
0.238071522611578,4.93444134852569,2
-0.725521312757291,5.22617059104988,2
0.820398348806703,4.73477981205213,2
0.0793357464836704,4.65330369940654,2
-1.62694588109359,6.31620983720172,2
1.21957006796103,3.49890079781852,2
-0.257994481024781,4.73886769196963,2
1.96818508603358,3.58180667071673,2
0.383519682771486,3.99820195043605,2
0.463697405888939,4.99178437857191,2
0.0511806966196029,4.32314291951625,2
0.154072563456243,5.5494212931807,2
0.0595087439780359,4.11839102952642,2
-0.594543880040419,5.84430736981885,2
0.804346140367258,5.19305557207241,2
-0.91072090622155,5.45160749311686,2
0.772748928817134,4.76117254659926,2
1.25467427473376,4.54976652471002,2
0.361252893957132,5.64297330962732,2
-1.68843868789292,6.53183745189972,2
0.667357164209336,3.74466655494855,2
0.609156933892501,4.6711057865706,2
1.08039470652684,5.35702941441352,2
1.85264906916535,5.12396469017078,2
-0.343004988478825,4.79853360851476,2
0.728892158080267,5.61802580216356,2
-0.169562239896716,4.88469108030874,2
-0.53837622353652,5.60435531663667,2
0.62511123383967,4.32677170767681,2
-0.0480184801847555,4.52132533939819,2
-0.775203912912379,4.58854470262985,2
-0.76583589596433,5.96038104694468,2
1.33254203654449,3.38373865511604,2
0.217964559801125,6.03615112875423,2
-0.896493493374889,6.45351274869564,2
-1.07537855881363,6.09680099867568,2
0.396475207778279,4.3613129382544,2
1.14402141622286,4.53998154705081,2
-0.0904648803519756,4.1832541609819,2
-0.923970421174443,5.78111851339585,2
-0.653941309251711,5.76757167745126,2
-2.34153253249048,7.50122064803033,2
0.382449777770926,4.97194490989546,2
1.29025435099332,3.31214730720992,2
1.60115238098974,2.60817852369205,2
-0.878526033023265,5.5485874961463,2
0.377068384356818,5.0849448105458,2
0.681009811826739,4.88081778636091,2
0.945204006012242,5.17061416760343,2
0.119011951431104,5.01058885260408,2
0.686402796641199,3.09957110306538,2
-0.322210318977795,5.22288639434719,2
0.126014831981466,6.04849152161502,2
1.06663479623853,4.47488832155721,2
0.660470010104254,4.51017350400232,2
-0.218284846388556,5.02323241049944,2
0.770630201340606,3.97733964681442,2
-0.134271936465921,5.70483855677218,2
-1.06019584862748,7.06680465711564,2
-0.0284379802261103,4.91171891777381,2
-1.60006237876151,6.73162838906723,2
-0.712406381020251,6.92938991948563,2
-0.071761658969097,5.70896770587001,2
1.37240818041119,3.67438193918932,2
0.31386186111532,5.09500121998464,2
0.890053580770287,4.31505874847016,2
-0.505638340816678,4.75802523572123,2
-0.489757605785366,5.04127858482212,2
1.27704347409522,4.46625036705523,2
1.36796407152657,4.2674400337803,2
-0.162870160513724,4.36509717259366,2
-0.17346605990764,5.89758291582884,2
-0.846210788153121,5.99548476820598,2
-0.243595166089592,5.4385726575997,2
-1.10269482677444,4.7603080816577,2
-0.799388494830072,5.35212986618841,2
-0.0368416876792316,5.13068725328434,2
0.0870399629660022,5.96531144487904,2
0.115678092497396,5.04409093971018,2
1.54393674324969,3.96507524289406,2
-0.210848882563317,4.42075739050161,2
-0.733769860054633,5.46758268859745,2
-0.195734005451222,5.34369229716172,2
1.56654718516558,4.73784809446917,2
0.277001978780861,4.75816921898236,2
0.110832613637547,4.75440575173692,2
-0.180784168319456,5.86144656312202,2
0.569657412088421,4.85153011901483,2
1.6982674764086,4.73097355264688,2
-0.310717367656937,5.461183215496,2
0.707822093927351,3.86572176671726,2
-1.71628433510217,5.61946045385571,2
-0.264913701777078,5.10887235458109,2
0.305729492151074,5.80255737757365,2
-0.736361957140525,6.32192404905358,2
0.726037425963473,4.95572044750723,2
-1.23122535022819,5.22331140688287,2
1.55343719435479,3.69186319936047,2
-0.69642568366083,6.75959051918587,2
-0.207814389832449,5.61251327817359,2
-0.867850324918306,5.91870931004612,2
0.288233828685536,5.84699270734075,2
0.198195978719739,4.67371448385266,2
0.751714291229832,5.16161741944098,2
0.771824717256978,4.1650090053474,2
0.841206949636491,4.71554456993664,2
1.18934632459549,4.29730410350194,2
-1.33294532822835,5.96628546690602,2
-1.36212478772962,5.93526085755769,2
-0.282126555155383,5.25885555650146,2
-0.850003496621866,4.99933335534286,2
-1.56575642628667,5.65834093020905,2
-0.311789024360452,5.18918231150832,2
-0.222367037950159,5.02477841899962,2
0.36642522691277,4.69417207442783,2
0.86632351087872,4.05923313261255,2
1.68258617066601,3.53304979145628,2
-1.04317850705846,5.76601692572531,2
-1.06194955447562,6.14590258553932,2
-1.03859215632944,6.54542488303268,2
-1.62519516559114,7.53604004396335,2
-1.233915010117,6.77893661621819,2
0.90099881027263,3.84701043483401,2
0.150321671012607,4.72437819518368,2
-0.615822734759223,4.80866651685162,2
-0.929952149241536,5.50268976168425,2
1.82449827306529,4.13799699768383,2
-0.250920902111422,4.34379771882627,2
-2.75213111274344,6.73414036511755,2
-1.5421864070676,6.61773949639827,2
0.0906894999967392,5.03716302886601,2
1.54227283326629,3.4701371418925,2
-0.522374551453065,5.64964878566288,2
-1.37112023791847,4.8253486797307,2
0.798227617592091,3.8905829917586,2
-0.847483924961455,4.36893080279849,2
1.5326538539055,4.75213059975737,2
0.29425960570826,4.91615111741191,2
0.0886415066592428,3.85510686105352,2
-0.0553571600800239,5.24987147518928,2
0.187015672483676,4.01077234276112,2
0.411664320835139,4.1127059363272,2
-0.312598216688094,5.01261012264973,2
-0.067334894692197,5.19382383448718,2
1.10237965002526,3.93784237620664,2
1.90761230111983,4.27296503360938,2
-1.09418584789545,5.62972237364328,2
-0.148272237432437,5.95454140733137,2
0.303644580654626,5.2475930737727,2
-0.918784558989453,6.16560397850695,2
-0.707967056439935,4.52590467209717,2
-0.797244969909625,4.87936042632297,2
0.767117566738748,3.76997464095273,2
-0.464922309501951,4.79528851517123,2
1.11267605539744,3.72418286836781,2
0.859227791779235,4.62113129421022,2
-1.25353508193329,5.83107543715805,2
0.0740666593725566,5.62258761036212,2
1.48773255887749,3.62610797445892,2
0.976556462863396,5.71333834136524,2
-0.306592276063903,4.37233344095467,2
0.757401819597977,4.25197005844246,2
0.861846390168658,4.73662507527044,2
-1.90741632175684,6.80014319546025,2
0.13547925208812,4.85315523140098,2
-1.01095588951473,6.06541818056429,2
0.0918926621371375,5.88387291627515,2
0.471317260627491,5.4256005720483,2
-0.137946201424142,4.59267857251517,2
-0.444756606781126,5.01212354797317,2
-0.851419602326893,5.23503297419191,2
-0.393958453723683,5.98869901272564,2
-0.0716695537543732,4.51868598821331,2
-0.0281496120641797,4.14028922277128,2
-0.191706507926517,5.25543496752111,2
2.78138911999462,2.12257968674164,2
-1.54170231874578,4.91768461970181,2
2.00146323602395,3.26058737038522,2
0.52386887109047,4.39564279838326,2
0.646321972334235,4.02054687697472,2
-1.93097709684046,6.40734370307371,2
-0.220146222691985,5.4339324418648,2
-0.246930505964362,5.02181447543922,2
-0.233905707240691,4.41820154738812,2
0.727472570855187,4.85031114423112,2
-1.96908598614764,7.27544440290657,2
0.162462323277174,4.09254810854956,2
-0.516992416614723,5.26732076067066,2
-0.101744443953278,6.10653862017173,2
0.383990682773206,4.23704660279048,2
1.1732410917516,3.57789435869166,2
-0.164570368637617,5.53848813068664,2
-0.93217017787092,5.8875651528389,2
-0.560584545611636,6.61100999067495,2
1.39792672636977,3.17392577329925,2
0.598028792741242,4.16651193721714,2
1.07273528787689,5.49736446901969,2
0.670868124026194,4.60509076498455,2
0.956061232222126,4.58813760645112,2
-0.645865212857753,5.54969840463264,2
2.23576495037295,4.27087226469035,2
0.918821075183642,4.71734109050269,2
0.198373246282289,5.91792517771127,2
-0.0320840484110343,4.94057843359725,2
-0.235972233650282,6.37565860299173,2
-0.409597421816636,5.7307123273875,2
0.527673210234093,4.04379903049886,2
2.03132948593427,2.97816976348125,2
-0.304621137271614,4.36093533163656,2
-0.619742526710796,5.8997050731443,2
0.00145663335729321,5.70488278930987,2
-0.934397136687533,5.2137709829068,2
-0.458624551682299,5.21316894473127,2
-0.297754166365508,3.88322219107002,2
0.0513624106827447,4.01618004089454,2
0.568356797938589,4.72210438001257,2
1.15098440983204,4.15972158485195,2
-1.00552156982485,6.0436591785947,2
0.113553031720657,5.45519812327719,2
0.100027968245806,5.24669869041968,2
-0.360470009659531,4.74905229174587,2
1.00527153070046,3.75439273761508,2
-0.55217113750673,4.51151110359112,2
-0.395755463054471,5.93398676492777,2
-0.259108873044721,5.94877655611333,2
2.0157693636609,3.25023025651283,2
0.272632098683209,4.53499945009213,2
1.37431298202444,2.68257475597089,2
1.50895570049605,4.0511930983199,2
0.442377454969433,4.48930696568928,2
-1.37017222272991,6.91105908876165,2
-0.0512915778842365,5.55243878130643,2
-1.30722884509085,4.97143239601093,2
-0.842418924355308,6.23034217004809,2
0.05166170872792,6.16039148595703,2
1.44260797228828,2.86359830188799,2
-0.624754521520022,5.48218986372475,2
2.28994020595822,3.44243615958257,2
-0.899463572270855,5.33225384286443,2
-0.848100290022266,5.00623521935188,2
-2.07340447673456,6.54219984532495,2
2.06274963558943,3.12211526084783,2
-0.220477923706697,5.36879013124038,2
1.07355631731378,4.79651841604339,2
0.64161731511685,3.8472284606985,2
0.475360500463162,5.28998083830606,2
-0.349868394380656,5.48686907968,2
-0.00536046593201522,5.58109901191215,2
-0.661187139141339,6.08799642136556,2
-1.52564599849058,5.7352345613999,2
0.123264018745665,4.18490529636657,2
-2.03116973050138,6.60943168644544,2
-0.815413671953104,4.76174072328726,2
-1.09073510507101,5.75438890058588,2
-0.0859008904379749,4.2205730718916,2
0.544645811410541,4.67127431412753,2
-1.17180980151995,6.18862271353019,2
0.204424778926851,5.5648200191976,2
0.587407074306577,4.14828040812861,2
0.489614626674612,4.14692689402084,2
-0.0747856349856543,4.49835338014677,2
1.72736981196528,4.0140973966912,2
0.24324101971524,4.27049312095271,2
-0.765180360580597,4.93163923762492,2
0.0871411845437639,5.04845529795035,2
2.06484549890788,2.92595203483387,2
-1.79299076178935,6.47990938153933,2
-0.573841485529631,5.85291546093085,2
2.56678621351186,2.51114870053112,2
0.352354038028252,4.4353844505661,2
0.551141934273965,4.35318127604661,2
1.23911994968692,4.41387288214929,2
-0.627642457533331,5.93436571443742,2
0.559333350675579,4.09002637584491,2
-0.822514651679502,6.03524609468208,2
-0.937417471092375,5.47363777202102,2
0.0956738945286937,5.59368661963491,2
1.44578518190366,3.1821180441081,2
-1.18697241625192,5.3643119790976,2
-0.92665111024296,6.8265058038726,2
0.0933318230103782,4.4633209428439,2
0.543444355272071,3.06820693768653,2
0.876030414937347,3.79044244129754,2
-1.43153100781526,5.5277542656008,2
0.412540169504195,5.75102717237718,2
-0.122807951343543,4.70520958786154,2
-0.00699361023111136,6.09256028199877,2
0.216762356412944,3.65207666815269,2
1.47237727741274,4.80306335456815,2
0.462876372441734,5.7274721071512,2
-0.245868266547473,4.88729804251425,2
-0.169113686191464,6.19316492529264,2
1.70811539766074,3.42076686699623,2
-0.740528016016829,4.90936801907456,2
1.68616529986893,4.20019221507189,2
-0.360871861310591,5.09418580390866,2
-0.733810292258728,4.7438018954147,2
0.195262063125451,4.34297931774131,2
-1.29140054085696,6.40452247097504,2
0.0664007431278322,3.7592819799883,2
-2.49939207275446,6.83780702602913,2
1.32500703683893,5.6897419173761,2
1.56871007594245,4.17397980128823,2
-0.260285107158399,6.34711831186111,2
1.72166923507939,3.64783391027641,2
0.829594599052689,2.95272851974357,2
0.244096467715818,5.38375384417521,2
-0.548588729440844,5.65289426115138,2
0.498849361099222,5.06513823713613,2
-1.41855046868281,6.52102938183296,2
0.843669321013674,5.0262017744432,2
0.865823418056587,5.00349292589015,2
-0.177524558079919,5.54858187516486,2
0.00154374650853092,4.65829780597239,2
-0.490349488567273,5.51587408092886,2
-1.54876940748405,6.73445744805499,2
-0.700846907359764,5.74689846676262,2
0.557632741387802,3.78231011602626,2
2.87261835198561,1.56852446275436,2
0.265308232179109,5.78265805323513,2
0.855726714457958,3.77393534191886,2
-0.455847498273453,5.113859656154,2
1.87075402201435,3.78639454475809,2
-0.116400592441677,4.51438423025618,2
-1.12214258735536,5.4154486232851,2
1.86934902348461,3.44239780390927,2
1.29145042818227,3.90759493057626,2
-0.0995686816022586,5.38953875430364,2
-0.177467508588857,5.42702751184237,2
1.1700356908145,4.84841211292977,2
0.673537675998691,3.84574499986338,2
1.72014384285045,3.22802406177653,2
0.866516411659333,4.46836537303123,2
-0.376535547976289,5.32233649229992,2
-0.402361648956601,5.93121818705911,2
1.11404443977342,3.87803770329426,2
-0.137258014634955,4.34407683667291,2
-0.728243572793422,4.65125104488874,2
0.59186185013947,3.90337092194409,2
-0.118529871369826,4.79475694699232,2
0.894180492693604,5.21968579990866,2
2.85462994626702,1.49758384533911,2
-0.185823166256367,5.50857731576593,2
-1.8703448408089,6.77830954316325,2
-0.349671764003622,4.79830742575513,2
2.08674525855949,3.48877265047757,2
1.10094273535184,3.24691516633909,2
-0.442074370402628,5.00687872894245,2
-1.21479640858896,6.30895097495762,2
1.3091167623262,3.22245242024395,2
-0.879183927462444,5.52010516479696,2
0.47921354862481,4.19012139981672,2
-0.850399378193697,4.81481385611434,2
0.814977255682003,4.68656921372213,2
-1.93210346920171,7.69116440275169,2
0.643544099731798,4.50656148150738,2
1.21958914273661,3.97053631800599,2
0.615636629084034,3.92061960148979,2
0.551721382088646,4.52431224521609,2
-0.819142009818775,5.67215949032055,2
-0.258508537598512,5.72241141875897,2
-0.298777561574479,7.20907026115081,2
0.0305825818564293,4.29234405454033,2
-1.54692853152451,5.93452031085975,2
0.863056433705869,3.02740953888547,2
-1.78543534577593,6.25944630311712,2
2.55636161464782,4.44961804414278,2
0.0138735695634245,5.33639526885789,2
-0.588650185374474,6.21627129314058,2
0.537098275827229,4.03365432699043,2
-1.48435232048648,6.10022906066496,2
0.448116760631524,3.72065111081427,2
0.548813574695767,4.65980067328321,2
0.603414472287429,4.93691488724517,2
-0.104537243641926,5.44478283893619,2
0.205114545419084,4.37786524701738,2
-0.0808243752524663,5.40743208297875,2
-2.39768001346962,7.14177852131971,2
0.858479621327526,4.22928317370316,2
-0.422312989829943,5.99917948190122,2
2.40998743983449,2.97883130082042,2
-0.846445721378452,6.39854862253872,2
0.947517222626954,4.65210030523139,2
2.05402188183194,4.44546744075411,2
-0.197047058884845,4.03409308347336,2
-0.950118438331051,6.52618573362152,2
-0.692847650192619,5.82787628478043,2
0.754196321375545,5.12303578475382,2
-1.81038783636984,6.7972158286469,2
-0.794866152961999,6.49116315180759,2
-0.0747987755290973,4.03933849643162,2
0.166006074323726,5.03413554907911,2
-0.07188315835262,5.06595992663888,2
0.158689123843011,5.67422266537138,2
0.895445532922057,5.31698173343467,2
-0.349428278635553,5.51858282949753,2
0.334197729435125,4.61088440502341,2
-0.734483637642661,5.65951044125553,2
-1.23838297327402,5.64848244694956,2
0.788354369147402,4.8140875149639,2
-0.447662673389539,5.76252752189832,2
-1.44246759661402,6.28906386533505,2
1.47568723917988,4.64184530930974,2
0.209468415566213,4.52870052441691,2
0.162054396543386,5.12157702765034,2
-0.613817302361716,6.07576677374386,2
0.333838248133457,4.354910420607,2
0.506524937759257,3.52149079186163,2
0.272945843784984,5.22508257554381,2
-0.261197283941703,5.14409992932727,2
-0.602880230502333,5.01644738328785,2
0.468376098291147,5.07923464049039,2
-0.358967482734126,4.81713421389714,2
1.67842062899379,3.54737039857645,2
-2.75212625379448,7.73442795677477,2
-0.597320298700514,5.75728226900876,2
0.111131025415255,4.97441384741029,2
0.910201756081879,4.63225316506303,2
0.319339922589943,4.41607184513127,2
-0.137658826197293,4.78933556885704,2
-0.785888051444805,5.81490197317929,2
2.18903069597718,2.47623281577302,2
0.608670314395053,4.30860640189424,2
-0.191549199382041,4.704101238616,2
-0.457229423705255,5.40065900378048,2
-0.785288202556286,5.3358293132516,2
0.842556444670205,4.01504424304793,2
0.282138644901929,4.16676169528873,2
0.787925680204529,5.03919816143453,2
-1.24186466300935,4.89090894409884,2
-0.453433623961435,5.24576555000922,2
-0.306398999761787,4.25594083771085,2
-0.244396346507817,5.67695826914243,2
0.961981346705029,3.84571070360408,2
-1.11929739562223,6.19368866626142,2
0.306796822840579,4.54284261071909,2
-0.563585842296693,5.44261439678675,2
0.954838173932311,3.83423015118802,2
0.953261281255594,4.78160700625385,2
-0.841091421636459,6.01473589092815,2
0.654067370392711,5.35352698424126,2
-2.1317136543656,7.01955572380025,2
-0.180477037145196,6.20232560099076,2
2.14037818534292,3.36833062186496,2
-0.258183132030875,5.37509601406895,2
0.630065130310141,4.80316377846562,2
0.503915802677272,4.63626888831208,2
0.110736645256719,4.95580593260071,2
0.710635973498668,3.95090407132987,2
-0.600071475947314,5.32849962500204,2
0.133318466262148,4.63368573194265,2
0.355339095310172,4.35740882751424,2
1.00222735725265,3.71242387582266,2
-0.00554362236940288,4.3055081183356,2
-0.308761681784084,6.1194446291859,2
-1.25295516993747,5.85573012454788,2
0.826933013271864,3.93630909028122,2
0.137253616922047,5.11184360990303,2
1.44011925569565,3.05765077460031,2
-0.873996862934884,5.92807486964658,2
0.190581742626048,5.29450645914947,2
-0.613746460556055,5.70879145124684,2
0.474912631778351,4.58364788916974,2
0.275577434199052,3.88824172337008,2
-0.28697748268812,5.36354277496546,2
-0.834284504920165,5.75776814647324,2
0.731761584289254,3.28123309928538,2
0.0784265439246919,4.67497951113425,2
0.403643595245874,5.49956047751531,2
1.5987294472434,3.64337111503934,2
-1.09954488262064,5.95456622978199,2
0.246856830055521,5.2331226278132,2
-0.872337088589887,5.36025960798895,2
-0.232299266163819,4.83583076361435,2
0.128808228315917,4.50339361443307,2
0.435887023569632,3.6503166109243,2
0.0681222919040137,4.25358163420028,2
-0.691486973869235,5.80873758307963,2
-0.841758056880951,5.74570681045084,2
0.436679302439057,4.77279999382605,2
2.02294494838005,3.10345530250745,2
-0.271682081039088,5.103448172715,2
0.216003512942984,4.35809156411769,2
1.30037398647085,4.30234207654275,2
-0.0800563668832689,6.08565676593044,2
0.687887054105047,5.56364327845975,2
-0.295767890039873,5.7382814698395,2
1.10125650217535,4.01693519197648,2
1.46599381754527,3.44305471299141,2
1.18341885487661,4.2334528485727,2
2.40473669175581,2.24435263884205,2
-1.40654795886859,6.67329779937582,2
1.71514456117994,4.11557034009787,2
0.341340929139682,4.09862731419862,2
0.0620405367506029,4.80155459541697,2
1.1196412326435,5.4944326163524,2
-0.812723702876462,6.92645349513156,2
-1.7542759747924,6.59520788612631,2
1.06969333266314,2.97808411372268,2
-0.125194635121908,4.85406918828664,2
0.0881344818314392,4.59381825269497,2
-0.748179416494456,4.75165192408049,2
-1.16375038961674,6.96193986793139,2
0.690899327887381,2.61403422438374,2
-1.36244425077277,6.08923453200605,2
0.0287334623960893,5.52082974839795,2
0.162267800591099,4.16794051068025,2
1.50994924115284,5.30721424748039,2
0.355040015600847,3.60500289448729,2
1.43314525753184,4.10287684595647,2
-1.56816814664722,7.026567029463,2
-0.0563310851632666,5.10561040175597,2
-0.091558518502407,3.77077056708691,2
-0.131768481432311,5.87441971892401,2
1.06672251507022,4.25618550968984,2
0.406301091581629,4.79328826067424,2
-0.802083771199665,6.6423352841734,2
1.02553971711208,4.36436296190181,2
1.07273536446822,3.82697736675423,2
0.511681756630411,4.97216833001698,2
-2.01949973541992,7.35845358468721,2
-0.543754438973502,5.25855289634601,2
0.680466839907015,3.54227479017044,2
0.0922053330732092,6.04333653912417,2
0.0724332008313077,5.47829652549852,2
-1.91237576501846,6.32202228424898,2
-0.783219552300699,6.68340669378433,2
0.416115152630903,4.70013662022542,2
-0.298793096172042,4.60854466568319,2
-0.655617362390643,5.34355473601438,2
1.12233281210696,4.65871170738965,2
1.04333744715412,5.0511164385212,2
1.36225937870086,3.89702466489019,2
0.0238130079136599,5.89642936962254,2
0.773148339087906,5.35609884048428,2
1.07897943251233,4.10935865750396,2
-1.5584150804394,6.77431454429288,2
2.59301645001042,3.50875967481638,2
0.926030981685768,3.51252063875242,2
0.37622223748179,4.76058585971212,2
0.13821991792682,4.9005349580409,2
-0.710899857491128,5.62731215835171,2
-1.21508635151243,6.45954827079095,2
-1.96227755270163,6.92881338523546,2
-2.08897743118906,6.97077343470541,2
0.00721384019107426,4.76454663410784,2
-0.306898674992376,5.89454165487576,2
0.17084799450924,5.05490856072353,2
-0.238372565847107,5.87476150141717,2
-0.670952257643054,5.87542636159187,2
0.371590215543495,4.85515557236362,2
1.18433998440777,4.03330748434782,2
0.0192442901615583,4.41628301264686,2
0.5422045714849,5.40314941694085,2
0.0632235194479949,5.54685648834647,2
1.05726278435228,4.42769661038372,2
-0.456036501359446,6.10135522777617,2
0.765562676323064,3.98620337435711,2
0.801137765387388,4.04085780224712,2
-0.974260069037466,5.98275110238343,2
-2.96682838981453,7.7983899008959,2
1.04350794208322,3.7687510293898,2
1.77725730561127,3.81590879121246,2
1.48631433044731,4.16682382166128,2
1.4338225652723,3.9651693717308,2
0.877205900392388,4.35978323594073,2
0.310107927311466,5.46124027769666,2
1.55553839938723,2.76305986672574,2
-0.715483814258327,4.91481274329636,2
1.01220412483971,3.87452077675189,2
-1.1414082111635,5.83754144880258,2
1.80790020830448,3.23737099424644,2
-0.699806519483603,5.52196969064289,2
0.320194000383978,4.63145841886618,2
0.945250135870186,4.44600020741648,2
-1.09120201810642,6.70439755598726,2
-2.91646912686694,6.79317949021621,2
0.302332716303558,4.81183018180944,2
-1.50919584852748,6.05751757937717,2
-0.582496700387082,4.8696181959826,2
1.04642409788657,3.88279129585267,2
0.225361212013191,4.89377484073797,2
1.1314536716483,2.90222287767437,2
1.29160769671925,4.06573899998265,2
1.08866989560472,5.05174953996138,2
0.379451246738427,4.7984171686069,2
-0.0127048833241262,5.13021377537384,2
-0.784431637318381,5.751370259113,2
0.442188364040616,4.38811393135821,2
1.88482855482768,4.09594906432113,2
-0.0964279080324898,5.13029246550711,2
1.77884874328435,4.72069223491747,2
0.179001211359027,4.90636809457797,2
0.846558251324233,2.91990644886169,2
1.29952377620567,3.64071005176833,2
0.904799485411112,4.11784150967651,2
0.0184106812136924,5.26071339324563,2
-1.32362474047867,5.0999599774862,2
2.43939385441156,2.62097967173476,2
0.0425635797643773,5.47055794179841,2
-2.5786539566237,6.46006883883167,2
2.04728439097719,3.12162650598919,2
-1.60641183583914,6.55196984215401,2
0.22992736260855,4.57230846516001,2
-1.0912506558521,6.44098388905728,2
-1.65131539966687,7.09667988721717,2
0.734208552936604,3.27401313900244,2
-1.49728180166844,6.7369639965352,2
-0.944292925588326,5.07528591140883,2
0.157504658930562,4.65743974201328,2
0.204651567934622,4.28901943065027,2
0.160195594544966,6.03928049046247,2
0.350826930691318,4.11277413742471,2
-0.265351802610957,4.9495306808299,2
1.15336121310337,3.79329739200448,2
-0.202199968916841,5.8816210593625,2
-1.51829033654337,7.27611870982297,2
-0.47853449436144,5.49240509048239,2
0.67644664223659,4.17980270947893,2
1.25908954951461,3.62209487993147,2
1.91379549295955,3.36851167483873,2
-0.164866198738018,5.3337386479885,2
-0.582464036994344,4.46367065817319,2
-0.329143860181687,5.04188835572927,2
-1.17161573453381,5.24039108460211,2
0.45438860433472,4.77612813239594,2
-0.73902654779682,5.03908897313943,2
0.327311483874408,5.09686767969446,2
-0.920722066839047,6.25903435628615,2
1.24126364624981,3.46678708096495,2
0.246733635541945,5.43690763254379,2
-1.40115710235825,5.75510334716037,2
0.814634125638771,2.65457906982773,2
-0.131442878687583,5.4915858151056,2
-1.75744323582497,6.64571370141956,2
1.21276246618255,4.39934552302829,2
0.783442349741689,4.30038642578106,2
0.26735798259893,4.25565329011084,2
-0.966866310255579,5.75868112194193,2
0.797551057726896,4.31763351899183,2
-0.762273612029239,4.68984531189678,2
-1.00854761586051,6.22727891899644,2
0.790910339453821,4.80253301061158,2
-0.239404760442239,5.99957635347112,2
0.304406076670884,5.34347660103081,2
0.420339011999539,5.28757672733023,2
0.403911656423669,3.75923989083157,2
0.861124765308246,3.18000327271506,2
-0.508822099146859,4.84306625841677,2
0.33027175360602,5.6875602703846,2
-0.423325213216929,5.33670262936412,2
2.42323698932715,3.1309014407027,2
1.23860854151997,4.04410109384374,2
-2.27200719219254,6.73833079165713,2
-1.54517587887511,5.09723702747469,2
-0.13548347648616,4.83399672595666,2
-0.432604996324392,5.5016545149295,2
0.710738636357326,4.36892198552344,2
-0.516962105901022,5.07451617466793,2
0.00243916936542163,5.73475939473715,2
1.96099606534593,2.18349134651658,2
-1.00194224157136,5.79993078978708,2
0.845105617928953,3.13551035336747,2
0.972556564850425,4.77058337294515,2
0.696399056306103,4.34069791076333,2
-0.240960005994539,4.76523233903837,2
-0.618012627474567,5.41477467708155,2
-0.439310994113795,5.34875978022422,2
0.761909278511582,3.83250298601302,2
1.48719137100769,3.82284215457443,2
2.12071119078964,3.55896212800366,2
-0.12882264038778,5.59573218567873,2
0.193719609656862,3.84789291051779,2
-1.19156757760623,5.20394052148236,2
-0.396970342289306,5.581269534637,2
-2.56477672338409,7.46459242237929,2
0.649781170969707,4.57835314038631,2
-1.72575732881826,5.92552369191495,2
0.438656902450258,4.22409843827374,2
1.59366374158983,4.19049654129223,2
0.371482318253798,4.87319942257831,2
-0.581012568443819,5.7137865661652,2
0.152251752625587,5.1553155096216,2
0.0180908857428687,5.54480820621051,2
0.0897197005603947,5.08175310183441,2
-0.594849829602878,5.22532100045564,2
0.600508097955146,4.02041628340594,2
-1.40022978773103,5.43983628418262,2
-1.94930372288126,6.53606974568858,2
-2.17604100160181,6.11830724070477,2
0.767527066089493,4.80807343811258,2
-0.861135533105538,5.69222888095081,2
0.207389990760076,4.40576739316072,2
-1.00515687944422,5.19618666400656,2
0.271007480604234,5.57338712756173,2
-0.874956503569367,7.27104727845817,2
0.754893382639638,3.90597565472771,2
0.728725544769172,3.29822429927244,2
-1.37749002720104,6.21974127529647,2
1.75830129549994,3.27131717022509,2
0.0497484606013703,6.20982706584234,2
-1.05358750190523,6.56531830717101,2
0.639309503532725,5.82253877812858,2
-2.43655231157136,6.29407939626052,2
0.910924181945356,5.2149239716671,2
-0.18101740474243,4.18706126955817,2
-0.129899121820603,6.38960270459525,2
2.93063670177132,2.90669554840565,2
-0.252987194253137,5.48112998757299,2
1.85105171951772,3.76739755546785,2
-0.500375370068507,5.05276610031525,2
0.381830942416025,4.6792015102533,2
-0.279884742348284,5.46035259635208,2
0.504412677481714,5.18982033191933,2
-0.978279921715477,6.27667266228309,2
0.479786797331231,5.16462230641616,2
-1.07484339816835,5.97341634438508,2
0.583150378518497,3.30913500865408,2
2.07746586855823,3.98110982459027,2
1.44765937193128,3.08949716605003,2
-0.617083257634549,5.54448075014125,2
-0.615494370521967,4.91549795773608,2
-0.133214356950122,5.87587310154401,2
-1.88664110084949,6.84699766675434,2
-0.841496606842571,4.95914834911236,2
-1.40817724479776,6.17872712820659,2
0.376878270960992,4.37934410218442,2
-0.302416272452452,5.30897026259679,2
0.591701342598951,4.67414917442575,2
-0.392766860114147,6.11407503387522,2
-1.88586096706384,7.6114445293201,2
0.323379707653092,4.39640298131808,2
0.932883409310833,4.45569318728662,2
0.862698241898653,3.84006903817326,2
1.21169281217313,3.69866786806005,2
0.102677856239136,5.47680999024941,2
-1.66830584303884,6.54975465103391,2
0.451403339094885,5.17651901002119,2
0.259138818818591,3.39373084013914,2
-0.862683407072142,6.61951728079563,2
-0.525304047342802,5.83760868531317,2
0.262874399601962,4.28222202136924,2
1.42706717277719,2.89934531362149,2
-2.19680349704398,6.390386820332,2
-1.12012678373025,6.00753926341243,2
-1.44475141720251,6.06563063588249,2
0.315246205237413,4.46081464019657,2
-0.649494689841909,5.32049826409802,2
-0.27037112597928,5.00847557864658,2
-1.18830136632428,5.09984629443878,2
0.773660098611143,4.35672310279451,2
-0.649660766048953,5.00331487698803,2
-0.493137015874352,4.55219757123065,2
0.159285330285469,4.36937310941567,2
0.00550663976923517,5.72337212599706,2
-0.864246213865472,4.87219726339696,2
0.317032132540399,5.39387850091201,2
0.140977731918279,4.60127218304131,2
-0.470111541953139,5.5908211056788,2
-0.152827609068884,6.06437844521025,2
-1.04007206290717,6.34695394458775,2
0.676758508814174,4.40808114185965,2
0.23370680455867,4.78629249786989,2
-2.899774687601,7.58271661944128,2
-1.06693808105212,5.26888700024718,2
-0.370020578319631,4.53366755141184,2
0.120306492170831,4.33088059972779,2
0.934111871166466,4.90307050781644,2
-0.848833868585512,5.1289598441985,2
0.931895045697658,4.30626666214069,2
0.449128815770604,4.06615343995665,2
0.241416518501581,4.12140737185558,2
0.0643892777918148,4.27307022493385,2
-0.694136362471085,4.73204858359788,2
0.634792905558409,4.67447981796992,2
0.87244553576798,3.83483354494831,2
-2.3761204811769,5.7548538138464,2
1.71916824634503,3.51611431453548,2
0.00626144856107502,4.66113911944809,2
0.796778157691696,4.83124506239452,2
-1.08100551310673,7.32977630008915,2
-0.351752409954459,5.24880469984246,2
1.60899639155058,2.96783218819276,2
0.273689443827284,4.91184640301463,2
-0.0588279498991224,4.20401655087743,2
-0.646720309133054,5.22716241916203,2
0.0848063816386114,5.83870537039382,2
0.911433004894205,4.08377858805558,2
0.21761330278341,4.50431392352459,2
1.31212594754045,2.99626521985211,2
0.322925472569204,5.29881846060788,2
0.362065278292346,5.33249022132823,2
0.129009700758866,3.9776174286288,2
0.0676509786709764,4.42173451125968,2
0.858568850476442,3.52162646744542,2
-0.286570093212869,5.10882151540841,2
-0.331044409683712,6.29108741876446,2
-1.19270283195912,5.92047275128742,2
0.0347076219439214,4.92031263704256,2
-0.429400684184234,5.03119378800409,2
0.0674416756784931,5.17803335773996,2
-1.16185805742912,5.18297733841288,2
-0.838419969945747,5.02251040920539,2
-1.84372412176673,6.66084855017105,2
-0.089258790284396,5.85790886031683,2
2.32909824115974,3.22589668456375,2
0.144163845662193,5.41189743329992,2
0.0141590093582917,4.34483722836852,2
-0.195622787364424,4.30915662381491,2
-0.688548641338314,4.30003744027902,2
0.749975344849098,5.66020112551216,2
-1.07146632686146,5.72509783042929,2
-0.425825676085692,5.26093718356608,2
0.299179013077646,4.7213552282152,2
1.55644880976958,3.11016293260563,2
-0.309108814907411,4.68586807115554,2
0.07500206851724,5.71070710088604,2
0.906286324019419,3.77567500553906,2
1.41185479074118,4.49078448429227,2
-0.698391795702594,6.66909532586852,2
-1.77334430804208,6.44320306916617,2
0.0388751959302178,5.16107547764073,2
-1.05996175020793,5.59968196609224,2
-0.464117981763237,4.97602614607627,2
0.333145136866248,6.183591537061,2
0.081626817607018,5.4308260980291,2
-1.17289794343112,7.35025580967407,2
0.368445998053967,4.38845128313684,2
