"V1","V2","V3"
3.60877078469209,1.48667726029128,3.02351958873083
-0.473632051064408,0.106204754859679,0.856325110597829
1.21430113658099,0.0224868373091376,-1.36769938826561
0.792938253628911,1.91457297690773,-2.14196806181285
2.97474873244521,1.57818392037239,-0.670286014582106
-1.75722201683756,-0.639516127102305,-2.53507733376412
-3.81535810154776,-0.624411814941249,-1.80862977946709
2.30909508807023,5.92447772080632,5.09180153520751
0.654795955851765,-0.226280844840977,0.728836665745715
0.525754497146096,1.86311227618178,-1.33998174697784
0.836872067496076,1.1493062791129,1.05531825580445
-5.00772668231766,-0.79560406525334,-3.39689555222062
0.577021994731775,0.573905327927766,-0.0716733414094783
2.21220026143165,-0.58941357956087,0.137284625634525
-3.19336631058612,-2.28761469131828,-1.63736323755474
1.69092449545795,0.863743811817382,1.15257969933987
0.835146124625762,-0.526094551063385,-0.204574777416391
0.640119605567687,-3.19628016846464,0.821965211234566
-0.474739984496273,0.896507859657366,-0.394357944682495
4.88571869083231,3.14565545330335,1.56011163598707
-2.82777325850573,-2.33609181369196,-0.80499339370106
-1.15572268505826,-0.622672758652874,0.513342875395734
-3.5846637655225,-0.599323027433063,-1.07733181229356
0.31108905009495,0.0549328884388443,1.01130560143974
0.308646447558737,-0.607202559483847,0.294305953784776
1.85522793505679,1.1736059840815,1.22988459615271
2.62169454220803,3.44086692635741,0.948072656043948
2.96057952601762,2.13652631094271,-0.133605158257939
3.22062451689231,1.35028334642305,-0.907849895639345
3.56805391745901,3.83349187485912,2.41745741311373
-4.21298100997821,-1.67731043547915,-1.35981037371706
1.99678947776905,-1.28550161519183,-0.447286724189741
2.69772880287799,2.71412768675528,1.85532094321381
-2.61210829132643,-1.02690486896121,-4.28964885370962
0.992071649138906,0.697437415750841,1.39428033252995
-0.0837620864951316,0.0679177355937597,-0.346409712988881
-0.491595922258687,-2.04029344410318,-0.554819071503726
0.593835623731905,-0.321962550306587,0.448094194027716
1.88345701005463,1.21010459896283,1.24861169206539
-0.389788697601101,-1.15993260642779,-0.703412422227614
1.21381442296773,-0.578164398358564,0.259073603287154
0.425222927937737,-0.290229677765675,1.53687642097934
1.09652408604152,0.935721326748975,1.2500746449487
-2.65830565050378,0.0720762951500609,-1.93449560888702
0.166565417642418,-1.62210014564021,2.59310120591287
0.384583136688208,-0.349644574238076,-0.255395771294556
1.41035573920394,1.07998876255165,0.585792534687094
0.0553935326943353,-0.559117511164883,0.221330461467706
0.340330878813612,0.559124601165383,0.0406120961001803
1.51177251636129,0.401933055354707,-0.691590291624414
-7.45421562584032,-1.38358643518515,-6.70916971234266
-3.49804618576126,-1.38260892846545,-2.04963659783012
-1.2904007683706,-0.0954943309229492,-0.560307078785724
2.34804735118785,-0.0735328823337691,1.62130618467755
2.3185943123623,1.40656323281925,-0.519940256377374
1.05405504635299,-0.195647955788682,-1.68886545182275
-1.33114677078294,-2.50203441218707,-0.467591129306355
-1.16870009107518,1.05645330935708,-1.57904608693909
-0.327469899203517,-1.62493359241001,-0.929235248392072
4.25681287359119,-0.847268729240853,0.983181428403866
0.215578472329818,1.57184251803564,1.44449803701267
1.90724328202783,4.48233109232224,3.31809455957467
-1.8784240685126,-1.1907529966155,-1.4265033019518
-2.69168269615019,-1.56240350060922,-0.923655668256878
1.68433902100554,1.93306077797029,2.75879661297758
-2.29953553488254,-1.00911591980562,-1.47868889614465
1.08687282510542,-0.422583772166214,-0.151273615451937
-1.07013786077974,0.996389155694118,0.339960376746881
1.62686066824275,0.642728282598631,1.30041786606134
0.3257046654991,0.771666050101355,0.0935350570260434
2.89332698906134,2.26827257388123,0.588337688052367
0.269769918840733,-0.759225469301936,1.17372011759482
-3.5406142945928,-1.02679384988086,-1.58763777394158
0.0239694527613277,-0.411892626357149,0.853411339141477
2.92734654858718,0.921060036373153,1.32864753016192
1.98839614985013,-2.79631213390384,-1.74180440286553
0.826144352898491,0.937534114653552,0.565077438713497
1.6749657488498,0.327976734884473,-0.130023407799745
2.54642580869151,0.928359015445591,-0.707546471913842
-0.169520649011571,0.398001649252473,-0.992940839174746
1.36848250581461,0.280320064411233,1.19801391552507
-2.85514047358296,0.578146897159776,-1.85522187233351
1.35319063253438,0.773277870129721,2.19246635297385
-0.151876715023288,1.05838416810795,0.729110554868375
2.9265563834332,0.804893419035303,5.28890895899688
-2.65005689950976,-1.64059300806596,-2.21442576483291
-3.34384135792781,-0.737701369354026,-0.329113345304608
1.86751462998884,1.10089622110447,-0.326298025599645
-0.0203638131658346,0.422380940149405,-1.9601560259153
-1.38498002959038,0.196855837390586,0.690352828028557
0.23255559350872,0.366363543420279,1.32225399970015
-1.08635529149686,-0.12507794099808,-2.7611465297097
-2.02115112888439,0.012499107909774,-4.04205572045812
3.49365057399062,2.89103188341287,1.44409239256848
0.577314732809617,2.7248080575752,-3.16617951191156
-1.62221971104215,-0.336646376067288,1.33240361655433
-2.27076234937231,-1.1918283395832,-2.76164278733522
2.0994079994779,1.65609012719827,0.886282899758375
-1.31552708468301,-0.644011417359306,-0.499004965709148
0.448022540470846,1.37749936438528,1.25642971485813
-2.19778413464381,-0.0220711243687641,-2.98797415187214
-0.560053263678909,-4.34472282828914,-0.235296711652716
0.150790699531361,-0.530947420453506,0.812917763984153
-1.76468976389869,-1.7378253393452,1.24309080070292
1.16856282833679,0.610869378509222,1.45857990124535
-2.53442162663652,-0.0278631561697613,-2.30007581066306
-0.376230377999558,-2.14444945617464,0.191545452199637
2.02810219898378,-0.524765525625159,-0.82742651873075
0.504489761905551,-1.60203126367644,-0.635617201975929
2.25038109525762,-0.667716153291411,1.2446470496281
-2.14429510761994,-1.22605729290697,-1.28470824858435
-0.154612315614376,2.28569184741104,2.44858993031236
4.79287553900026,1.20892519133555,-0.00529812493217205
1.73573186884082,0.483995160993778,0.656860299142256
-1.0553875865135,-0.0867603005572921,-0.960268169008857
2.86029085977098,1.4533930802766,1.63785597790142
1.06333183080621,1.17141194725016,1.72029595647368
0.666216216417972,0.299251346456899,4.21085507871166
5.87698998608316,-0.773095376196606,3.86475314336424
-2.80111842783853,-1.25738234246378,-0.342754601803127
3.01059930386758,1.61572124079723,0.740957124946557
3.93529044896521,1.59590504442243,1.00371340196329
1.76460729894874,1.14882605612997,-0.262577452020572
-0.71801519336126,-1.19426390531559,-1.23908128361662
-1.46200716991372,0.383356047444832,-1.77808585041827
-2.80472015625255,-1.95962806336979,-1.33852803749189
-2.3984551569896,-0.836199438924408,-0.313944242274612
7.39429397609115,2.8738608924384,-1.07263224894119
2.39338444148356,0.571054403052609,0.193332796452594
4.47574342724954,2.15399880580652,-0.076671314678361
-3.2047096284764,0.261199334041944,-2.3142799215303
3.49345162514106,1.88918060060616,-1.34663204112236
-1.20243255611367,-0.082667777998775,-0.773558541816413
1.33751659780206,-1.51540678220551,0.953625440792077
3.18424586872577,2.77802060624803,0.53323803796396
-1.58305168671096,-1.70529108626647,-1.29475844301008
-3.28587838800482,-3.2595685341552,-0.806918714277843
-3.5084631901035,-2.81156568979508,0.154907360125761
-5.38675141823574,-3.8997022969482,-0.533570221760619
-0.586855317118307,-0.329533775053679,-0.941317501286921
2.223840563085,1.09298739192681,-0.678454949914829
0.167399430247472,-0.827426513088305,-1.78959086411345
3.37223226840187,1.48423769913433,-0.0538522880270303
-2.43022743866682,-1.70461468908465,0.847488756159068
-2.29943994272261,-1.08252075548261,-1.46626963185321
-2.96081959788369,-1.30629048118461,3.80350440623759
1.2437582366961,-1.30599901050437,-1.06075641697399
0.97464265043194,-0.0165332047760389,-0.699435480795784
1.49819747713702,0.0345699808944471,0.508149976429503
1.16217913355666,0.180062800386824,-0.638359243728483
2.93151627171463,0.325330322847697,0.942191317137367
2.03241934296105,0.759492470595869,-0.0599127083684653
-3.52890202980881,-2.65106057032042,0.28263597929578
0.91766411286925,0.0535322619815272,0.353899764004967
2.3324672596967,1.18595309460387,1.74946964690403
2.53298428197979,0.0616501957636039,0.469111609037025
0.46998874604723,-2.1072024173167,-0.518255012418796
1.49328151701088,-0.301318031662479,1.26889011753246
1.41651363822257,1.22496780489253,0.861981318908455
1.43081799956531,-0.290825520034498,-1.6308055106413
0.200484079586003,-0.234818774533931,0.045368910870249
1.44955821212571,1.08356712643577,-0.788486779270455
-1.54281245442589,1.94076986968295,-3.61860342304877
-0.737840070619856,-1.62529785249802,0.634240899627081
2.43620554400309,1.08636153331303,1.08240091142326
1.64752536399643,-1.11838473655335,-2.02612614413721
-2.81904003436119,-2.39839884192288,-0.063169819174494
4.13575870566735,3.46412041933188,2.54418281755509
3.55981282305416,-1.94919677698184,-1.43092567245915
-2.98050102317133,-0.26702797741578,-2.38768480917191
2.26960122212824,2.18281501062358,1.462707065476
-2.8080151548071,-2.07303984530946,-1.39772104613401
3.46875182290451,-0.268539076085258,2.41644390707243
5.18950070701384,2.80013771604728,-1.21715083955653
3.83521573548881,0.00366359832951757,3.42384292904553
2.07362440492747,1.96035561828654,0.933818307138702
-2.29694816296822,-2.84705937266887,-0.927046842157377
-4.07532091996909,-2.04722247599645,-0.199113355350974
5.4929662670582,-0.893003550844474,1.99251149773917
-2.3103877745099,-2.39600139573184,-1.81027159191404
1.36669208657942,1.58733014026373,0.248003740880441
-1.39563193789702,-1.97745496695981,-0.529888687618211
2.39394206400748,0.974745084436496,-1.08579983688059
-1.48002338147204,0.133313805565534,2.06626791223927
-4.25433715075064,-3.44468177188328,-0.706720059642178
2.09490830753671,2.26174314214798,0.983158069060745
-0.0969540254587204,0.097445966217681,-0.316427533249545
-1.53333933651844,0.796049175232964,-1.27703178557661
-3.49368210606034,-2.92521714227009,0.113850572203394
0.173689363549992,-1.16602682578009,-1.68876142532335
1.78526901747127,2.33813800555371,1.42292512315122
4.03038329798168,1.08068611785157,2.64196206532699
0.204981638206838,1.03239060105089,-2.45063103517319
1.38024293829835,1.10412419021688,0.489426441737912
3.58988777724741,1.92396217535367,0.739362373994413
-2.90748433943368,-2.43359268604371,-1.23546507367545
-2.93517126180914,-0.841375477358065,-2.07382056375504
-2.53636016790797,-1.31395045888339,-0.952547296581168
-0.19700430357973,0.737532113495089,0.681285991278263
-1.22606726079603,-1.13892060192964,-0.295046102645337
-3.04963247883386,-2.6724599231317,0.0582683103730166
-1.69563400170558,-0.722758065717515,-3.22244729550201
1.94880934104476,-2.23537477790163,-0.828028139435662
-1.15450224506545,0.247703079638499,1.74672951780825
5.47614353129673,-0.967179753838769,-0.126407437724348
0.137435493530181,-1.0496442315939,-1.46657156859421
1.8195960609152,0.955371716538673,1.38107465662909
-3.96228134654813,-3.9717202787788,-1.02816507866239
1.06252283877218,-0.31468498167249,-0.365788650092826
-0.663104464491963,1.28015139266597,2.19617225095088
1.86959420531086,1.61252543330205,0.701103352655392
0.739427961637603,0.360253666342851,-0.227193293698428
0.333435623589531,0.530926552799282,-1.96457192808439
-2.56553523802673,-2.05668280647947,-0.85369046131598
-4.90280017196673,-3.17151487020569,-0.982014744264073
-1.78182927425798,-2.83659073044323,-2.00801424946886
6.71971356721509,6.81330682727403,3.63345749949659
0.609234053915893,1.73935578607982,0.693321701980757
-4.32374652756284,-1.93569539229781,-1.14879754695697
1.97979414727972,0.00638500187561675,-0.592897317627657
-4.27561908849681,-1.53357278974028,-2.80750713222975
3.96054140416444,2.92251129619631,-0.420601862341349
1.10608847697728,1.05554807302651,0.892802931589286
-3.40692394154107,-0.396794180961668,-0.919930590005424
-0.172842148088352,-1.17968943810009,0.259429766482584
3.38625729916675,1.11934606009857,-0.178350230088719
1.60626896642462,1.75152702955824,1.39950826519297
1.14370682401428,-0.494121750908435,0.485197135361807
-4.18305569263921,-0.551250120861059,-2.32878252487063
3.66984378719814,2.74700642233858,0.774025431445336
2.46311326477143,2.14294647790539,1.17807899937428
1.71803383336195,0.440372128557621,2.0078349836491
-3.89305508961903,-1.76857889092687,-2.05118288664531
-2.69528323010027,-1.72873139714893,-2.16601122281119
-0.333337396872956,2.34761844105759,3.24613063418595
0.30342961097305,1.3081565122567,-4.34061147404045
3.40925514256891,1.67046733161677,0.569299588732963
1.49407157577588,0.550521080124582,0.0708693241489658
-4.32314882180922,-0.15955490010106,-2.47419900461393
-2.78453345584977,-1.86271780903073,-2.77691344999746
-3.1600265155723,-0.9406245600229,-1.74467635704002
0.785935438937327,1.68782674552749,0.854095048632464
-1.09912400095032,-3.36722295532002,0.982542227669497
-0.875723066811433,0.648747344768044,1.64759121233302
-3.85039468848794,-1.11392236033474,-3.36083174575121
-2.48782046900059,1.29401635047203,-0.157081511770865
4.8789262761588,1.88308855369399,1.34631696475015
-0.825122199530871,-0.680160970463421,-1.82391820592352
1.60847466821031,0.0133577557234297,1.11770362498809
-1.10031465030938,-0.0678210758518145,-0.778241610074078
1.38899793964238,0.369487568597092,-0.377012050533485
2.40073564600272,0.2106048257762,0.349571083914013
2.00932223266046,-0.137623335996778,-1.10197327460715
-3.82659323086991,-2.59576566302276,-1.3858553013632
2.46593701932153,-1.01346470567146,0.778622145756908
2.67012157484707,0.514142389468619,0.857178872141819
3.82179228650553,2.10263146183443,-0.376133720147999
-3.47410080193439,-1.20734370234078,-2.4502467778521
1.85283127891533,1.38835848238179,3.08061624330636
0.277877195532806,0.74317714636794,2.01972712645157
2.10608264234108,-0.21801641674282,-0.28906876197316
-3.54363012134126,-2.37252024343905,-1.23070991331341
-0.860243350292528,0.154988611545034,3.4642751458966
0.210249214562583,-1.21897347789488,2.90215813513112
1.89662809648601,1.04711848730077,1.02518470018458
1.42328087647738,1.46674732126184,1.11790670503742
0.699395212333103,-1.60133428379916,-2.62185190712285
-0.606451205892583,-2.80800320503116,-1.86837436833511
0.565420055892314,-2.26933535143964,-0.076044561252832
0.747002385494685,-1.05154139910841,2.90025752099974
1.04165850533892,1.181746197063,0.559108882214898
2.20295166309911,5.02442843153842,3.38742727839061
0.774188588701889,2.0123741526797,1.63339198089575
5.92938944253146,2.93711401050485,-1.39983956310743
-1.09571832543248,0.117207695697714,-0.71660137487656
-2.91005615846461,-0.42523570041507,-1.2081902931953
-0.597033093111849,-0.437408567187697,-0.607595033399018
-1.83044909841589,-3.10615894725568,1.0397463010343
-0.10338078040457,0.368064783776557,1.53036375807898
-3.72157526419693,-1.28282064611047,-3.84434418304775
1.36983691858505,-1.33587237524838,-0.480770309937305
0.39722341935708,-0.0169597190912136,0.427261886919728
-2.65740907229911,-3.33114231136988,1.40788130789961
-2.53756095779007,0.721374673421538,1.88220851353288
5.36600011522201,-0.16345721412708,-0.636065962210439
2.23710745822584,1.61771883817563,1.32917340431622
1.0042723375501,0.459188433136504,1.80675295269582
1.58698411453913,1.9200897055974,2.04831538717315
-2.23089111566488,-0.763042666418286,-2.53279803840984
2.05191461263585,0.621269514413898,-0.00505092639936018
0.586227317341211,0.496097077408929,0.829394899716293
3.19568433829701,3.92567968157496,2.00646377343127
-1.099076309133,0.576067958415546,-1.9107509987873
0.15761191783062,-0.495131358038269,1.12563487309292
2.60423257698401,0.412432614052962,1.54133005742597
-0.938158134867724,0.655184082598473,-0.623202365456673
-0.85948820829755,0.0275477807745848,-1.04762952875508
4.25321560769569,1.60135768365593,1.16589993607918
1.72196916422782,-0.012304468809643,-0.588778228181971
-4.33198378082477,-0.258200441283032,-2.6531906446031
3.67632733462774,2.01596786208994,2.06809219796301
3.58339954480394,0.69765319180114,-1.43077444189916
-3.33035496043793,-1.53785269233658,-2.37702907622801
1.08324185811993,-0.152907846962561,-1.01925108813594
4.90592309981379,0.461340310625463,-0.72849755762991
3.34825505747203,-0.700701773284039,-1.0470619962618
-1.19094376878917,-2.01105022833101,-0.352959210521147
1.81358088585148,3.39993602681339,2.40580489622413
1.10355274534312,0.794552397778052,0.915742428513373
-3.98944693348854,-1.32976799433245,-3.15554625712373
1.55290141849669,1.33476473573496,0.0127282483264705
-2.49330294608752,-1.56546875798171,-1.82628075106367
-2.65226451969841,-2.4469299819692,-0.795784099027009
0.222271060165829,-0.266847894383211,-0.372777180703062
-0.357861749934019,1.71017110466476,-0.531906656234783
-5.81168339446146,0.138464994209168,-7.24661154914063
-3.84069391286912,-1.25585798877109,-2.88018122145215
-4.49853129162359,-1.46526517277768,-2.85960194658407
2.88776804441602,2.77184544305649,0.80093937138198
-1.79310616933994,-1.84596471396693,0.161169461271559
-1.74382337536852,-1.48045458473988,-2.98112073242437
3.3578272603555,-1.46475797560718,0.332974694016617
1.22274400956896,0.21215619223678,-0.079590674373521
-2.540658939272,-0.851117322671911,-1.65293788954882
0.46049635728745,1.70356380858758,-1.68434603725764
-1.02365679412903,-0.120845621762152,-1.46705245418028
4.14318742028685,-1.03847088461263,0.0307855589365051
0.576771209377243,-2.1716231645556,-0.958987230807287
-3.99665305209874,-1.34513136916266,-1.51653148264087
2.52389498764773,0.981448242845059,1.11719565983991
0.823455988451054,0.0905958028898187,0.693684813221159
1.23730064815452,1.94399559902658,1.619797070828
2.75579916204993,-2.21514110527298,0.934497109987876
-0.638280428571869,-2.09247555469589,-1.6447907477082
2.46295447761397,0.584742640969615,-0.0241958674803413
-0.0422217365538684,0.620505120510851,0.876122820183932
-5.24341804759347,-2.26836693739915,-1.23967631600556
3.07894906671362,-0.883405925377268,-0.277256876044483
2.61560283712261,0.365482018535737,1.6285534557611
0.844686758873657,-3.67017840734196,-2.47651118688991
-0.504135438093532,0.259730786480724,2.86664892157957
3.6478414846133,2.7211434996083,2.53486561311592
0.777782320928531,-0.967453279332647,1.93071196534714
1.13396829600924,1.30946047740116,1.0095916958639
1.19078235912089,1.27781111464749,0.547993527479963
-2.49858752197927,0.259645924297019,-0.862770502864202
-4.83214148812964,-0.731921283379393,-2.85978100944648
3.05828418312924,-0.530234966221492,1.34588348062231
1.93211044714909,0.433019805341412,0.0663220926952206
3.27413355919302,2.32969835186338,1.25502995406974
-2.70833945361952,-1.91669903366266,-2.04886320663876
2.87783634739717,1.55881908744813,1.46190778036447
2.02126222120118,1.06731344858571,2.64137378134068
-3.7127999317734,-2.57074382635707,-0.176191421909151
4.51304362586821,2.22202242985627,1.87445685478771
2.07940054051074,0.294095136856956,-0.356308188959613
-3.15461024612966,-2.33473042682585,-1.6957664204853
2.56577354126173,1.16226103517973,-0.344125595266934
4.08538733387382,3.56006828322909,0.528722849951323
-1.33869876925835,-2.04230514606094,-0.959596789717401
-0.55194497219975,-0.854195010447843,-1.65302770797898
2.03120957701822,2.38196817870572,1.56024395286906
-3.71083868064141,-4.80444749756563,1.40888563957273
-1.48707608407209,-4.05114063309832,-0.324802131939963
-3.55222978616018,-3.54412028200433,-0.513369395847177
4.88049699756031,1.81301042325667,1.63118982516865
-0.344882928888925,-0.394667781558843,-0.437092927809473
1.35295931029769,-1.33175028322063,-0.138546541299068
-0.0256339190413319,1.46153613213382,1.20165288832175
1.43787375482796,1.08024396447576,1.25138539646451
0.406738604071077,0.825028173568232,0.0229214341561781
-1.0842806497964,-1.97683980527649,-0.501882784497995
-2.60876447993778,1.69505994683898,-3.52992246331448
0.450350965803364,0.0514262063478613,0.713074921720966
3.90059224250398,5.86245925981286,4.25788967511184
-3.88309823775925,-2.42125672232168,-2.55099405438337
-1.60666934331626,-2.66726154362264,-0.362279947164116
0.519839895712778,0.21876539758027,0.887666708065183
3.58312418352162,0.819578219532438,0.23610319476539
1.70979924122608,0.561813276985636,1.84446979739909
-0.342673768019005,-5.54168390794331,-0.347298247707523
-1.85014233802913,-0.620853220717466,-2.40127795417335
-2.45934864685012,-1.92238511233464,-1.82063426664807
4.54836028101253,0.155062403226482,0.21254242867343
2.20433741310039,2.16960148539229,1.20908136909904
0.341213834815928,0.538470833813401,0.900393208204685
-3.10702811877805,-1.57832033108823,-2.91166867144112
4.31592222098042,1.94560728018052,2.17086006876299
0.347106067676594,2.23665407912486,4.98870599207654
3.42651699594139,1.35733298531678,2.2606071478833
1.84584007038006,-3.33717775389416,-0.203355829732676
3.9690056571724,2.06964244461183,1.23040225326492
-0.0823169507570789,-0.449778863477928,2.29214026211886
1.84781761274364,-0.0315015330209154,-1.5430809632307
-2.46212767771733,-1.24437598334232,-2.39510810881764
-3.44815475518555,-2.52578754778619,-0.872988512622122
-4.62137452356424,-2.84558151298059,-2.53210843793331
0.00949674847248472,-0.126154280737407,0.0799104476879836
4.67984052833201,3.76851311914871,2.33830430910206
-0.51837028045297,-0.883956883368366,-0.321515283124602
1.38022575030314,1.60043057671415,0.806289858485167
1.85412271300915,-0.545130132648927,-0.641313942106534
1.67180148877678,-0.719896972950511,3.43692254151295
8.9274000820597,0.914284104949132,1.95441212850084
-2.6911562626162,-1.22517943292618,-3.97985791826294
0.24086729877655,1.63805367951408,3.08257892203452
-1.51775031583182,-0.289485965430234,-4.11048257672651
0.242589713208225,1.13639880847236,2.35668395586444
0.624645165986784,-0.90861164754522,1.67384330457992
-1.95436410789997,-0.929696510114136,-2.49112224231738
-4.88397881053545,-2.61761404808551,-3.21109910647372
1.97290153341335,0.0930821422763093,0.57506103509829
-2.81015171362374,-1.88117459891134,-2.02408983614657
-5.07769432072919,-2.05862768541192,-1.55997000339058
1.15972023805399,-0.0935982191430347,0.0532287155583733
2.29054862355493,0.0910560492176864,0.813141250979642
2.39578866566929,0.347174314623891,0.122233999449839
0.6465124301505,-0.136780298923433,-0.872016988256874
3.26320683813647,1.21313812331192,2.48554235771142
1.02870772629804,0.803591125146586,3.22140455187213
2.04142238888834,-1.76109928104383,-0.762018474292685
2.52023980790902,0.0293955661600569,0.863070201291686
-0.0330229293133377,0.318714397362253,-1.60736938647476
1.33663910440187,1.08232076804392,0.890915880673814
-3.4876586895903,-0.748772849806286,-0.566161251812688
-4.07617620196515,-0.156795623974151,-3.09050827234607
-1.20703755351557,-2.0316814467366,-1.04346341791421
3.05392092229452,2.10342104311567,1.3060605657217
-2.10655139519341,-1.04694915383684,-0.356373398837679
4.74072169043977,0.999784230909496,1.800912941314
2.60473980541974,-0.424803271295322,-2.51113044229418
0.0366100034232684,0.548868095827751,-0.383916833329514
0.636835988460083,1.0003016881313,0.62443205850612
-1.05904251197596,-0.306867729700324,0.492751454342363
2.33746592733851,0.769138027026697,-0.717579243670516
-5.1954547082226,0.140442626868445,-3.34740947217364
-2.06007619095194,-0.295507699544666,-0.639628525577271
-2.2531934659012,-2.80012603849037,-1.18546188890445
-1.84589404004717,-1.28734093972034,-1.52674991005886
-1.43523993279164,-0.651891968569134,-1.91574676062656
-3.29980132031991,-1.64326477327704,-3.21629556631177
3.92828256262797,-0.56336080217265,4.20171628630892
-1.68571826521618,-1.28198222048898,-1.43376345431801
-0.168173906937438,-1.66442056796648,0.0790113664872549
3.55456471728104,1.08481571038255,0.687170341767793
2.73557198461578,-1.09029591603207,1.25242754303822
2.55020291286576,0.745013333780984,1.52777390679201
1.81898323765744,1.27440010634827,0.44024062656525
0.460796441861537,1.45439902648413,1.35866922648529
2.76562866515965,0.921848143690265,0.991221862406173
1.15845672989071,-1.22007986778012,-1.77252311765335
3.56700123922407,-0.341110180901812,-2.14487467088158
3.44195363612183,2.80655157226485,0.631837907115995
0.387227527351902,2.74548213391567,2.75374794521924
2.62727926987888,-2.61485755759323,1.94948918938585
-1.48632840179957,0.321195248791109,-1.61995726150798
-2.19540544720399,-1.50264634357888,-0.234739364886902
-1.51996546733537,0.0866265962432142,0.400230053287893
0.849981208315724,-0.19527513832964,0.910200757924789
-0.8965526420691,-2.97546634276512,1.28812673610038
-2.05055605672475,-1.01889252705809,-0.354790852829512
0.328096016153748,-2.67099536355867,-1.64062473813781
-1.86587446516555,-1.49698189411506,-2.46959070226763
2.9209568450862,-0.254246609949024,0.230370228235969
-1.9197140791423,-1.43873929743347,-0.736533129997504
2.26526099472877,0.0970044691326636,-0.297960111591151
4.33522726764088,2.08012259372398,2.80163852622646
1.12601108660422,0.319585192154029,-0.0901902884366497
4.87749042706506,1.81640410242594,1.22043232820913
1.70317001641107,1.20069959638413,1.01564209999681
-0.302737860606847,-1.50873793925113,1.63765354789368
1.17576253035064,-0.710627449552291,2.77869034507886
-1.6481305951943,-1.4877612602494,-1.28189732876119
-0.757086949782869,-0.801312097860037,-0.633116415214889
0.0911037135188071,-1.52570036676027,-0.17670041862765
0.640727832204295,0.318925619876761,0.134983404868688
2.79490038432511,2.21381849531104,0.312811733891956
0.501783475224836,0.115076704586368,1.30959282754145
1.24138642891279,0.644820426680709,1.30790317168587
2.30405289148071,-0.120178408690167,-0.959310003387477
1.44346388545041,1.53822436104471,1.32932865708117
0.784230838330616,-1.54520274743866,-0.329822348408051
-2.27071718979651,-1.68082181303508,-2.25840074272882
-8.54447076719767,-7.07939551089529,1.70986330459159
0.285643640117099,-0.681837746648527,-0.730258059947398
-3.17605999085455,-3.29323900300172,-0.0956210759489895
-3.17634417223169,-1.20452645014431,-2.23023327708665
0.367750754222322,0.506857377538009,0.21937681642009
-3.68812614890378,-0.590946712284653,1.17743267846722
2.00679499813516,1.62532649872187,1.64089246647282
-2.40979776179885,-1.73901004187888,-0.460098622373726
-1.35767137407891,-1.47931577928059,-2.12656965624491
-2.49375840329082,-2.10070425790805,-1.34309128180314
-5.46915335131457,-2.63532442872549,-1.74485233714389
-1.43276629369412,-0.626716684570419,4.66279758302686
-4.14979390207922,-1.0224668749251,-1.38574062769254
1.60612922948595,0.699220722330454,-0.106090903701914
0.489290649935701,1.36715322331381,0.680968869211436
1.3735821606042,0.665198268954373,-0.349246844464925
1.85829800445863,0.405908675290948,0.28202994784484
2.48186828015,2.34555938408383,0.064226546443625
0.300621695046463,-0.579402869076478,2.11045926220499
1.50636753920377,1.39868413796589,-0.0152932118545759
1.44205783941977,-1.88392128822482,-0.72190245271247
-1.08986585366424,-0.850181020681018,-0.302307668764505
-1.58852016216771,0.465431468481046,-1.25128219417831
-3.64520870332196,-1.92013411029528,-2.00356399536963
-0.955612855597725,-0.588844346853335,-1.22394930375946
0.989791656614244,-1.60265787773236,-1.33953786260274
0.294804448583191,-1.26484422010083,-0.509825788609259
1.96382190982,2.43815984278313,2.0360178563181
-1.3541598017536,-1.54356593987217,-2.37740129165644
1.38399903532832,-0.733079844250198,-0.745157630878377
1.50496475037471,-0.535235128329836,-0.820870864474283
0.751983223054525,0.0170766888100011,0.154598534136582
0.9483286624278,-1.66394142315123,-0.545830961946109
0.388682446374643,-0.70971206371912,0.0227877674715951
-1.9074032375066,1.41104073011687,-0.840618931304099
0.556176500775102,2.47880079666413,2.82428737481501
3.82037520785604,3.08503998605516,2.8616148930486
-2.43802043404741,-0.94920755434184,-1.86839113443822
2.68444319388868,2.43001948743758,2.49303519785118
2.21515737253313,3.15730161714986,3.70654352592072
2.91227039896588,1.3381398164836,0.177179856703703
3.15334751926765,0.254066130156771,0.151294567075653
1.82907212269041,0.618107590089907,2.75509147913016
4.46320915280333,0.318418268645115,1.79272570429277
-3.56863098022205,-2.83787120207001,-1.19777755008714
3.85716924166564,2.1070319919135,-0.770983645594799
-2.86201640184245,-1.51061422437905,-2.98436260808455
1.08157975961815,1.36277078128963,1.20196135942745
1.95322689677763,0.788945165554464,-1.00076706204403
1.90828512286959,-0.39778552391352,1.16268231641168
1.73512059951679,-0.243293825839599,2.0886811049223
-2.07855172441956,-0.793171188181914,-0.744213270044152
-4.51221632543731,-2.44171568387488,-1.22469519566018
0.809743422818735,0.790695942718114,0.595368769901811
-0.5694670762992,-0.988924568578182,-2.27606044312753
1.89589230875927,0.470530518248956,2.37236114331674
0.513112013599656,-0.635865026064264,0.430643597425203
2.81941930330086,-0.449484151933954,3.98669103354171
0.0797828847349693,0.529864373815615,2.39312446315252
2.34315383407917,1.5583588761759,1.11567099093599
-1.65217716122409,-0.948245952179421,-3.25265904176521
0.965958680290214,1.29375814595701,1.72270999444752
1.81337189651024,0.4295968886892,0.798109222512303
0.988182441880764,1.96139750618571,2.54145362344892
1.28153989762065,-0.0256556737027018,-0.38694296469196
1.37790571753674,2.12618580794716,1.72304767617292
-0.403242656267725,0.0281560144133857,0.385918449408406
0.321357819905394,-0.432232050014151,0.557122139041136
1.00565809086917,-0.377169915717383,3.16902618620787
-2.51973914640396,-0.205526083020647,-3.15442803984494
2.35744578896732,1.67684603233629,1.94657446242258
-3.78367864273013,-2.43194613521708,-1.50509534201568
-1.15188233255879,-1.20448686625102,0.0416516422438589
-0.994424659590413,-0.380075939602195,-3.35538435920796
3.8489516733379,1.92395941970523,1.21898950405828
-4.4365703504485,-3.94916010394998,5.54224390850136
-0.251310671733106,1.39122344581272,1.85614630856721
1.07383823220453,0.777541889845819,-0.361859214379681
-2.88704702644941,-2.17811272354403,-0.171190077307078
-2.7129194137811,-2.1386690168571,-1.14912814909584
-1.43577006273783,-0.458125929372854,1.76224639894859
-2.31389551580285,-1.94526574436446,-1.53889170653574
-2.23831121405966,-0.299673149551599,-1.53250984481131
1.41731515977973,0.461995015584873,0.549058441597003
1.53392531070771,0.926514526679009,0.515075617797962
-2.12443617753223,-1.18953423929286,-1.48401317333707
1.83164724265289,1.33545292672932,0.467501973969702
0.454122911441209,1.55796306590298,-4.29957595193594
1.0411900003604,-1.87054794644749,0.0117916273531792
2.18803099786334,0.693463692722218,3.40762116322944
1.38390482810913,-0.998133635703671,-0.149935043619849
-0.969808211881443,0.825906365151329,-1.09597443075955
-0.110393163464339,-1.81377192682441,-0.182093607027228
-2.20107985264783,0.686153881187571,-3.34979925929301
0.802893591982345,-0.457500371698135,1.32452304511571
-3.68144525161701,0.999441077503359,-2.32911257768064
-2.55996345207583,-2.32234044264537,-2.40974510773422
3.49808515879835,1.87358246195681,-0.342294786098476
-1.8879625579155,0.561945780731936,-1.51454871496618
-2.15675138132959,-1.21521842955774,-2.21331538426822
-1.00462664677846,-0.941991029452069,-1.48414176384299
-2.50302575006096,-0.843295732724115,-1.55875027866349
1.03510664483622,0.800339992466619,0.931630928321387
-0.841590349766358,-1.58093331828891,0.191654217837387
-2.83308820747889,-0.11302889177153,-0.946568565648929
1.42482308764204,0.713484757885329,-1.31752140030443
1.73270288010523,-1.09590724337984,-0.0491543325973747
-1.98883741424314,-1.20483655801994,0.653941710478555
2.37066882940475,2.16189168314581,2.49043140964716
0.0406557191473154,1.79326112874708,2.58160577489489
4.92824320405247,-0.740947170499251,-1.82592164752576
4.0090362211118,1.57092404576063,-0.0118409321396125
-0.536005033646783,-2.04411387529861,-0.831513710349847
1.23724324824718,-2.96563514908053,-2.81451778026096
-3.26703644025249,-1.5368309968721,-3.466574593908
-2.97452997584031,0.20242211583214,-1.74643867525311
0.698893343860455,-0.912909915808688,0.340563910918177
-1.25164054657893,0.502406156214604,-1.92152462458066
-1.5794003973065,-0.641217518681049,0.415346839550421
2.52623419784777,0.87726693081224,1.77840214193182
-2.47915344282897,-1.32918989284932,-1.97133748213385
2.15534341172231,1.29527587637697,2.19319600704043
-1.98152335944997,-1.94431888810263,-1.79050790169996
2.7497455144184,2.87761389593141,1.46882305345123
-1.75764733562843,0.0660709058366038,-1.12526623415099
3.35343583735538,1.64056933096646,-0.113989526387835
-1.3924771052704,1.27316453143227,-3.15198544792022
-2.84136788521659,-2.05466260336025,-1.3534450148704
-1.05905545668892,-2.12748132356732,0.412544823146131
1.84868356259945,-0.925378898673506,0.224479914384198
-2.54669527146863,-0.908111428907551,0.848429874950647
-0.105812335896614,-0.283283000079796,0.863134606106846
-1.95552844236724,0.857516128554169,-0.680780659474882
0.684790120181506,-0.180117985678554,0.635492519150497
0.317421360956007,-0.628305371316932,0.470912421629125
-2.26278087887845,-1.28646805997756,-3.15431977674785
2.80472468679707,2.53097442015491,1.95799476449934
1.02517613169528,1.89176328641827,1.10287889329727
3.6829650575895,2.15077651479159,-0.387138484057538
-3.10216587561299,-2.48645954848185,-2.1097907073281
2.81584224331486,1.26880653224551,4.25700220373585
3.26806454968015,2.13427061899367,1.94200646867783
0.75395938047708,1.4008094899776,0.493549662513281
2.96961198692202,1.05820289295154,1.45565003262914
0.0990727561036414,-2.67950509659578,-0.366864553106469
2.18573839592749,0.802333719726249,-0.584949009216148
-1.86916700894246,-1.79385308574978,-1.76145360226036
2.23803663645712,0.604488369816137,0.998572633602101
1.46406737957956,1.26724001478717,0.6160166286909
-2.25744499131179,-1.35661439476443,-2.94316809947854
-3.00772759602495,-0.493651927924111,-4.18559571866155
1.99868148905877,-1.04940040112711,-0.664037035709982
0.746241698671917,1.1274050205671,0.522295261686385
1.74111068182422,2.17076776317822,1.06256097780788
-1.07532204203907,-0.661450988869541,-1.68268997391368
-3.12548637505926,-1.23875293933428,-0.1023968391571
1.834974535729,1.74641103772978,2.10832576123285
-3.79088547557509,-1.8331167802305,-1.48545849848155
1.77608238211204,-0.114493809668397,4.08395559331323
0.949491299644843,-0.882770569291917,1.01524563898162
-1.26656333699873,-1.16436632848505,-2.30536624019129
0.917549339639193,0.691210905269585,0.958840747217399
1.28422428947023,0.659765642651147,1.23222962140185
-1.84683765884558,-1.88338911378062,-1.10150508653706
2.16241713367375,0.19566035050838,0.460966544866877
-4.59148454603389,-2.30879947171544,-1.50788553602837
-2.23064109757905,-1.17882877134044,-1.96638460650807
3.28910684051129,1.27477721215982,-0.450451748144079
-4.44936443443654,2.46212186256484,-0.828841503756857
0.586562163268045,0.310873351220799,-0.0216105620966793
1.80174415020623,0.392494902591514,-0.220088575139679
2.98323788436664,0.849722819854906,-1.02348724690248
-3.24573695259721,-2.82818075440811,-0.894109198850333
0.706376879956079,0.114134676196928,1.46149851898462
-1.07316301157926,2.4042887523204,-1.29415052347672
-0.78873050331783,-0.828657792749034,-1.9481921990787
-3.59321753591303,0.60726385547361,-2.75663570556301
-2.73497175362717,-1.89651374610077,-3.31057503927492
-0.145263521680619,2.10519786946309,-0.778724241065647
-1.71895738712598,-2.08181826198811,-0.862383468487461
-2.606726032036,-0.701405870146271,-1.82775723089057
1.48151023529182,0.784472184947883,0.107991064635034
-3.69018667412949,-1.67843881598918,-3.3386147487225
1.24689180786943,-0.609471800507325,0.11194491517547
-2.33506095871242,-0.99555361430832,0.440395852319731
3.18436983982494,1.34157159943168,0.405699761725245
-2.99345897944319,-0.7424252655988,-1.44053745647305
2.84849748374189,0.296400735843781,2.18827486703995
-2.06603420192093,-0.725084937870477,-2.25278048894002
-0.475895655939551,-0.716287678208135,0.876435004175489
-0.177908307453198,0.0782661409930479,2.78286042709654
-4.01150861466524,-1.05077056082893,-0.820568868249974
-0.187870977584176,-0.30193976073222,0.52626980816316
2.6404733973467,2.00841126559695,0.24531525694083
-3.03264088386659,0.740468986156478,-2.21904540353384
1.43791768727774,-0.557755154243604,2.06617855279082
-4.44713701324494,-1.29507581369014,-2.17503624683849
3.54669111811081,0.575840204405892,0.335481726898097
3.4426338880786,4.31552816636991,4.07180468045391
1.9820504950164,1.26993385259543,0.0693417556822184
4.51444356715212,2.44715141166856,0.649513643147167
1.20404108958572,-0.927399744259937,2.00908467130585
-3.40355614315949,-2.15554907336373,-1.88070606719968
2.65678011158606,1.90856968856928,0.00975106339301127
0.65584761587675,-1.40729023777916,-0.809109354298303
2.9850664791677,-2.26490901884772,0.450018659410167
-4.01328780572808,-3.07776502083103,-1.40735159715849
1.35933546677499,0.415494530313949,-0.140859746131111
-1.3569184328967,-0.775372717907848,-1.10601790439457
-2.61581590230343,-0.800213903204518,-0.919738717653082
1.58744429649747,-2.85263250596379,1.83842855419916
-2.7267086733114,-1.70275300855243,-2.2846355663499
-2.66849344119481,-0.761296682455874,-3.6834015059393
1.30549269499613,0.263127550046198,0.847325030280313
0.41744214746502,1.10035133944903,1.65156056405066
0.641128161796727,-0.480808081110304,0.510004064474934
-0.610832538650604,0.816953814105831,-1.38418866303824
2.19163537586084,-1.82307368812233,2.94442339373632
-1.95980528134881,-0.734702402258666,0.279034216766386
3.62798153116138,1.31904955071644,-0.473585175716541
1.75993365939109,1.24908623071226,1.8415388420462
2.63833706802566,1.7162578867539,0.891423302404084
0.385142414660593,-0.496268492900112,0.793902220259371
0.566041629857201,-0.150733328892726,0.196242002359912
1.49958408594586,-3.76796327098671,-2.94955397608908
1.89232703689521,1.58233921300255,1.34481267849243
-2.00572722547457,-1.43657359487286,-1.35628305521068
-2.67653063151918,-0.211964379070981,-1.55455862025234
1.50958473462647,-0.0362576292927401,0.430343636568816
-0.588877658877337,-0.986265936528934,-0.500966910688649
2.05371068251611,0.702491247326294,-0.877301287798321
-2.33454815148621,1.48646976831988,-2.39783780104711
-3.41634940096588,-2.45924033908242,-1.49916107132751
-0.299500649367193,-0.61567653103087,-0.378305640636472
0.527819477357343,1.67128164639183,-0.834679660762465
-1.79300180191941,-0.804169928543869,-1.77252060825684
1.15149312590896,-0.276247993955335,0.901547130891887
1.41580044539546,-3.36837984119272,0.692457952355979
1.04253038947914,0.386742345455259,-0.0216404609870504
3.6181196506688,1.29464463052458,-0.0604200610793069
-0.756405014486671,-0.879748014884612,0.00629909832729236
2.21953043204945,-0.876218501357777,-0.770176749657093
4.09443072112103,4.36963059478756,6.26039082390238
-0.403186308840893,0.294348489647706,1.32728153827802
0.517016272425438,1.7880266824683,1.84630685027653
-1.14091888759093,-1.71332597127051,-0.542259975874655
0.84362334631676,0.972267072932931,1.16676339571869
-0.239398634496569,-1.36824699017116,-0.714429345459109
2.14252222866622,1.03461319641642,3.92981715719132
1.35460848581407,-0.877771710609041,1.62703816440404
-0.0943637523553293,0.0393103948209523,0.698752681729006
-1.05404175539505,-0.821394075440395,-0.0406883001050893
-1.14959967339249,-1.41998229914198,-1.26017632099912
-2.26639701178708,-0.524659557313746,-2.01177936064811
3.60917026566281,2.106505473349,0.485655293588124
2.33464113595982,0.270485584699828,2.03749313540952
0.49251807403779,1.64531860992551,-1.1215060316693
-2.13189586095787,-0.990413524360715,-1.03069102432579
0.510098815053543,0.843747530084226,5.3135900972817
-1.04760131450506,1.00374193027199,-0.417767039691966
-0.329887273875923,0.844853458904083,0.118631711235889
-1.50969060125445,0.56360425389344,-1.8952339118196
1.59307861339752,-0.680971700643293,-1.90637493422849
2.83987424150619,0.261553387880021,0.437680204334727
-0.206459012948595,-0.596813563110463,0.743344448227779
0.0899230670645261,-0.911590015586347,-0.779520209385999
-0.548624217229115,-0.168183657903741,-0.311808791353374
-1.32304687052217,-2.39644369482634,-1.27460371177865
-2.98021521084385,-1.23337383635197,-2.78421782563277
1.50389948576913,-0.0549674717045674,1.80712375267606
-0.964061463221364,-0.743637608229075,-2.90486722974632
1.76433337492328,-1.3073639036503,3.82405287970937
1.88956085598671,0.600659075898058,0.746823349887828
-1.67919241583216,-2.9946563271182,0.668257117746893
1.90321546523323,-0.777363305872621,-1.04566239734069
3.09715097918214,1.78292301036106,0.263238298784415
3.0212085686138,2.15000202060906,0.579435395599581
-1.11116230223644,-0.570916598807819,-2.63372398098561
-5.51245084219287,-1.56997337952514,-2.73380303900579
1.63363888542717,2.43064259165536,2.97981302191383
-2.89476105320381,-1.05435238371856,-3.23588045854907
1.37884259727147,-0.00285861833630263,1.358137427937
2.57688694261317,2.23353609891394,0.401633676384286
3.87997749479928,1.13553277365326,1.76896269808412
0.360223462030551,-0.787283564964529,-0.0540081587975784
-0.498923809677469,0.142368551995754,-2.40550940115615
1.83354269583142,-0.338753971390138,0.734667195411254
-4.01428391393925,-3.71822460781435,-0.621705405733298
-6.42712724675436,-4.56734700303453,-0.983456307749751
-3.67614524103177,-1.01312932413629,-2.43684706406066
1.22879878292428,1.36762156637674,0.958252510200013
0.0350966185363175,-0.143446260412295,-1.8282867256248
1.87870262703676,0.590248946512471,0.0227398790741088
-1.48932427824069,-0.235509498400235,1.39316677143662
1.94182955628447,1.02767192766406,1.76288113876492
-0.0622898260703899,-0.688707011638913,0.420737394061896
-5.19087113592879,-2.0010831001823,-3.85417429266282
1.72848567892194,2.08891093365876,3.9300329550407
2.06567727023027,1.54166912281338,0.914875571944665
-2.29155186271554,3.05592043342126,0.392004906445603
-1.9241581802016,0.238625031707416,0.310003253403863
1.50566549820275,-1.55523719475417,-0.454265515192652
0.550095496979635,-0.651156892580287,-1.25294224827338
1.87107475723484,1.69033199959485,0.90320187275298
1.02530005087279,-1.01143066493899,1.99972327321233
-3.5707019117374,0.896294260626267,-2.21674284106448
2.87248600691141,0.488297855074572,-0.748362899206297
0.107668800248955,0.688305884522482,-2.68155190762077
-4.0463901577782,-2.70333926275281,-2.19227119695234
3.14397639929601,1.95129570666057,-0.923836184764485
-1.00403692684037,-2.13907832015293,0.990217309566157
-0.691664754489951,-1.71916620957661,-0.741118117004334
4.20218679090823,2.87289131932745,3.63759309456192
-1.43044746475542,-1.5191323802587,-0.846145045639005
-0.3853791041076,-0.532841147283377,1.49107419823352
2.94834976231637,0.408357500482181,1.53523712651272
-3.45410575017819,-2.26980836645378,-2.1967275382022
1.21966179753904,0.439632889879396,-0.629516573621594
3.04859112704078,1.88703411224185,3.53601395185324
-0.0219606188497397,0.657773565043505,0.548797318761515
-3.07420457498285,0.768249217141685,-1.65836733554415
-1.75422932868539,-1.52009673994985,-1.36902601207091
0.572472289396633,0.972336736203616,-3.06117930107473
-1.048786584418,-0.788017169362406,2.41886717285913
-1.74746693667255,-1.97730983403896,-0.69770265860034
-0.769196410675864,-1.11242265422616,-1.57860894428111
-1.39611568072223,-0.367055150203662,-0.805553506813867
-1.24650953348723,-1.51137472929193,-0.560706210102848
-1.17553497738051,-0.568925023258813,2.36728830963568
2.17798571983594,0.583762741854885,-1.00293511221313
-0.305441541574575,-1.05370376182545,-0.304228896775943
3.9316212291518,3.19686829394843,0.113413590498234
2.20272844259107,0.0948683274117483,-0.0390406348833707
2.86989324645359,1.18198433168204,-0.893736572732855
2.28610970417988,-0.240126365325045,-0.31228684130979
-2.28993625365158,-4.95643751612916,0.555219825904853
-1.1254723603503,-0.0428926698585652,0.673220409170023
2.80433450177213,1.06186817819269,2.07400101914598
-1.06572500653188,-2.29262397233609,-0.578531713821306
-1.92259640761843,-0.464609137922531,0.676899522641112
-0.838397926793372,-1.41797988278237,2.04093374956072
-2.7862624939553,-1.68269874057448,-2.30333748217541
-4.64344472620421,-1.64874270965132,-0.121020475560778
-3.65417192036597,-1.42176309502449,-1.22578126084758
2.66747368065759,2.92363060600536,1.39090951392413
0.17703380580694,-2.5354050464611,0.206038807680224
-1.76735147658506,-0.865775328973893,-0.0707939305960059
0.941777857274276,-0.220672378697276,-0.130878288743324
-3.06840294362699,-3.64816230508188,0.0674333644820062
1.81055835350815,0.75223891159027,1.07107441057502
3.97627148652122,0.954133095643692,0.472132448656567
4.91784993479108,2.32264079011013,0.22789534177686
1.23416538077481,-0.16905885288847,0.398801391675797
-0.891445058836747,-1.32113988905158,2.12237115099905
0.370043776974784,-1.42168102236921,0.448231813204601
0.191563552112683,1.95277910031352,2.2749317598278
4.90207985062464,0.513704353999525,1.93629098944254
-3.74982786206564,-2.27847671178307,-2.38342006607955
0.0898585743065484,1.11769695697724,2.55061668661964
1.46793290779361,0.661182709486873,-0.0928181338484918
-2.28971904987256,-1.27012650880731,-1.66697799555547
-1.55452452619315,-1.84681709865279,-1.31310764664587
-0.237511069727881,4.97547429084902,-5.79260799916112
1.84499088394999,-0.214620550246199,-0.743673687788894
1.50440935782411,0.0847410236389444,0.356257006113244
-2.44611704527701,-1.59870044533281,-0.527615057288564
3.32710052830586,2.72740793488718,1.24853886843733
0.0686614285702443,-1.68244099753217,0.386002943577295
2.75380452894888,0.256567388362001,0.055484437561133
0.782669278770417,-0.454407310035442,0.847360661046565
2.24387593086074,1.79026034917756,1.89586642145995
-3.68772786981228,-1.46702721873622,-3.41333772519965
1.57486186696817,-0.261872979564281,0.272698243602474
-2.46473837841673,-1.50171879625821,-1.30324149337241
-3.52675709008952,-2.53032679691758,-2.22606175008958
0.121190294422251,2.66565090953734,3.13662917220931
-0.50067963928979,-0.256121298669503,-1.98877094398728
-2.36490089163232,-0.50022391579011,-0.444495013907867
1.98656952613274,1.70362669103537,0.819622018579562
3.80456642470442,-0.770470984733192,-0.703757991609334
2.70528106170114,3.14087312219353,0.612672563663214
2.51921831294959,1.31804613209978,-0.29911627307718
-4.02749826125486,-1.98134149643585,0.0458131137772995
1.20063971729219,-0.524753427301146,1.28320817189817
0.123700994388083,-1.24760119876024,-0.781747465449843
-2.89894466880956,-0.619398023434627,-0.774235536868095
1.32788045422113,2.49686319008999,1.7206425594891
-3.27175534087523,-0.736946196972886,-2.17187783096814
1.76406058286036,1.67609391257834,1.06433147999177
2.04742276161102,0.495112266918805,-1.11692059642469
0.0930151327031172,-1.91542150857142,2.15837828448961
-1.91060679211092,-1.82990414759799,-0.88691551082971
-1.99288756076585,-0.547162578407297,-1.89419693256487
-2.93401267261982,-0.707159625406258,-1.66111353197012
2.19265350581327,1.46971438421852,0.0813329826964756
5.57584973189188,5.95018455632272,4.7084840624179
2.03705092433946,-0.0364658678402725,0.577102138634688
-2.35553179626955,-0.322924564535834,-1.90624351145899
-1.2050261685072,-0.673298125242956,-2.99632629555521
2.13442649524506,0.713144279581268,0.147332471364463
-5.14855277840505,-2.19016672711186,0.807667790686316
2.36922925343646,3.06359109849257,1.69691212617356
-1.46339375077617,-1.35914065894825,-2.05820763606715
4.99801127514977,3.554246580554,1.06324355216183
-0.689191007355089,-1.13302829063108,0.669849915031056
-2.73409905082242,-1.83865764875591,-1.45230894659247
4.52721477109848,2.67009613855182,-0.595858641506719
-4.69852975652357,-3.17284710476735,-1.33887979781214
-1.00701239660363,-0.826774513600767,-1.04448249084293
-1.55798256932534,-1.63378722846553,0.623978633288428
-0.262530019150499,-1.41155105544733,-1.57243902318421
2.42676295534347,1.67224934937922,-0.768214291790396
2.17513618136437,1.54565452648462,0.165724079378157
2.3771225932103,0.792416990912077,2.11044018351211
-2.89122589541604,-1.54312328785205,-2.34738471275246
0.693125465821312,2.27855908416866,2.21413224771304
2.09582857627317,2.14979687700549,0.868790346052402
-1.14612120948166,-2.0346453621073,-1.15404972411455
-2.04569088472714,-2.02143262518096,-1.0861127160509
3.00644191004967,0.931697816053466,0.597131030484688
-1.72008497509489,-2.63082651324561,0.342318447922771
3.53850432932447,1.61306563099616,0.906969422921397
0.379566168323191,0.40854129037395,-1.21880684516886
-3.99481834268711,-2.09705813368847,-1.27589016206728
3.13491167110099,2.13035418656414,0.0545652272997719
-2.31851792511985,-0.342919058872486,-2.07449764472997
2.25846099560023,1.83961522690341,1.30518223043783
-3.92250757218951,-2.26964511654763,-2.18791298927753
4.27035134899183,1.40573011748493,0.517550435855809
-4.48582555489639,-0.597728021023409,-1.31755304765183
0.869233654569166,0.698309770658783,2.79107185095627
5.45383892384139,1.02732363314216,-1.39809653370812
1.24623556585238,-0.0808544629095187,0.128533074845115
1.78353896726703,-0.284023248934981,-0.665507038974974
-0.862899801627701,0.443113839370773,-1.83550708058857
2.35576270587836,1.7379597828316,1.59448660339249
0.752342850123403,1.22990656332383,-3.31877558602558
2.3706404916214,1.61220007202556,-2.41358446058608
-2.79583616731673,-3.50729604130437,0.576139753117178
-2.75214011242501,-2.06659642918088,-1.54244994501191
4.03147388762426,1.87955931350303,2.6218953788668
-0.496045972560961,0.477998385843865,1.73878112597674
-2.49643192020206,-1.72726308252693,-1.25931543920833
-2.11472102160962,1.6956899497149,-2.38034799834245
3.66186604320134,3.77575026638897,3.11509524743122
-1.20288800062602,-0.89750727923092,0.0410337873879865
-3.65015046643559,-0.426137055964363,-0.747056019397749
-2.72973870490319,-0.0132932057068085,-2.14579229442464
-7.60395012353601,-1.41711424310373,-2.49974453195718
0.961691186863819,0.45685627758358,0.358954089197574
1.49755063574977,1.24773188011506,0.167687503041806
-2.54104082277465,-1.89349587558295,-0.333451487741273
-2.32281640052198,-1.19210260686661,0.797624052372572
-0.310288890397802,-0.963958760668602,-0.159819509658073
-2.19440554399253,-0.994157488897085,-2.42169255729884
0.985087904361522,0.11558983490805,0.0164899025120291
-1.08034728027766,-2.31242085152598,-0.369794029203972
0.444414562076746,0.441321247176512,1.66145866841901
-1.46586829014539,-2.06803294060047,-1.46492702891747
-0.293906996089454,-0.646556945271044,-1.97925201939802
-0.948477006076661,-5.51220616303941,-0.814361222467571
0.777472838576199,-2.52705616683723,-1.60015157212744
1.48684378268852,0.143701167182992,0.428051489005946
0.562168909440384,1.93225426199485,1.53830842642647
2.01354146469513,1.6678976747776,1.05790752863147
-2.88576130846743,0.292653398491554,-1.16273034632817
-1.23307551568392,-1.40515853124308,-0.701495995315828
0.746886092246203,-1.53344732414378,1.22649122746785
-4.29463351049211,-0.965124027465782,-3.59610167276092
8.43166133800321,1.92172292750226,4.68656403697944
4.91459637367154,2.26676864301093,0.170202647993185
1.20094452523095,-1.23798770477048,-0.810701221544764
3.8546770731739,2.98433047316425,1.7107393313209
-1.59220786035068,-0.0463783634612438,-4.18851004151191
-1.27931491929526,0.871785121708725,2.45897382677469
-2.29658238132423,-0.659661015327303,-2.7173174154031
3.83977274822961,1.19896565871434,-2.06148940178104
-1.18961876929422,-1.53470706349001,0.50049287960927
3.22518690498503,1.16287601433482,-1.25188820141971
2.14247656431102,-1.5228955417716,-1.39612197165944
-2.89368347881475,-1.41483634691072,-3.09371211341238
1.82310129239018,-0.65095904919284,1.62326320834234
-0.216360348973009,0.717323607725824,1.30189010921409
0.46979394409153,0.330789327271653,2.23036151667164
0.825144846729205,-1.17009863112049,-1.10205442495477
-4.10580646848086,-1.96683554047214,-2.00792564528793
2.70794340115293,2.63487002723421,0.412045496530948
-0.956104172118407,-1.79182479370933,-0.877190520523958
3.6225305289318,0.849144538520401,-0.28766921528569
2.69006544341589,-0.634619114716177,-0.0186989283270309
2.36360439197907,0.684607341479316,-1.13892854429847
2.68289719600592,-1.25993020036196,-0.911825191835748
1.13015240769422,0.100669990601191,0.544840955440161
1.88062319403402,0.593725389514584,0.284305663510712
0.0646610097697031,-0.820871932874647,-1.93373225634987
0.376497566915921,-0.5546052471271,-1.60953308579791
0.535842439796855,-0.948948360362906,-0.0321710806337307
-3.33882555056406,-2.34693120342591,-0.835270446857427
-0.200433171752159,-0.108356431228441,1.98197839600657
-5.67189956039382,-4.38766381576668,-1.64238551249008
-2.70336367021173,-1.97175396407708,-2.33152540255849
3.49300667373236,2.81553932619758,2.5127837185245
-3.78433454975677,-2.0021209765684,-3.49859068027781
4.38483764541709,2.31725030810025,-0.123858033130761
-2.10632500029848,-0.991572342078871,-2.15580479062913
3.09730918533692,1.14842038340643,1.51506351553001
0.75917741420747,1.07651435392587,1.48031303046493
2.03971891749409,-0.119578954773238,-1.06458254333726
2.36445450960748,0.372503781273659,0.314902301158283
-4.25484628338851,-0.747614145791412,-0.148596647892645
2.01826066260459,0.0313934556386003,0.288987544831035
4.51260675846641,0.627265112617157,0.494595732666743
1.76517739923211,0.389151654543667,1.17141221876012
0.84039287248175,1.08157497710465,0.824913207902163
-0.867639511928638,-2.71261430751496,-2.26749473973529
3.00060922324942,0.0103480210601595,-0.656908620450953
-2.73340731339703,-1.61470264845553,-2.48419327295585
