-2.66354246450676,3.11909627450794,1
-0.927751222829501,6.11230965241055,1
-3.91564731215207,1.37358259131818,1
4.06731054310659,6.68300257918053,1
5.70300673796293,7.01861836766148,1
1.80584609306726,3.92345425328161,1
1.93340121557408,6.30480025870596,1
-1.65225306110435,3.0121664951613,1
-0.0520451285080335,6.48269783238099,1
-3.26929989902777,2.15370406989406,1
-1.3964136550795,3.10215692730526,1
2.57299147871465,6.62863936089738,1
-0.103480928965198,5.56203040054632,1
-0.410622266313918,4.35300532629572,1
-0.792604409682132,4.09084509930284,1
2.93246131521254,7.71828957858106,1
-2.57197757360599,2.84894220165929,1
1.17498105455722,5.70266945393933,1
1.63964130151069,4.6123148614112,1
1.07070079820131,5.66517373893956,1
-1.63945269589155,3.97747458432441,1
0.600062371928671,4.49322414935496,1
0.59752772579784,6.58398777052048,1
-1.13360919155781,3.29798417830493,1
-2.53745968513654,1.09973797577366,1
-3.10918514887609,1.1953149250602,1
2.37213277341733,5.37536627947449,1
-2.40705047059555,2.69511350167238,1
-0.0609939799756379,5.77223528442029,1
2.45861028723543,7.20919433199306,1
-5.21992875776241,-0.156366263339926,1
1.15715173953476,5.10621598516383,1
-0.355085789614953,5.06499002612158,1
1.22477987786186,5.51797152016949,1
0.111625432804525,4.93566396604618,1
-0.199829661435192,3.22037461992043,1
0.367068930088066,4.57946986359672,1
-0.228429039683488,4.51196622704708,1
-3.69476413020355,1.16772989501004,1
0.343538371066683,6.06400505612452,1
-3.0881613957108,2.02468911322702,1
-1.29055970807426,4.73884854149941,1
-1.00422488851918,3.54204288945492,1
6.34733134906219,7.2132167534024,1
-0.981114241251924,4.36819778907082,1
-1.14939683133426,4.4016294507109,1
-1.92408071947151,3.2250737676374,1
-0.595610428101248,5.19369298018436,1
-1.12446281775741,3.45728851153461,1
0.588666317619629,4.50251387574206,1
2.3862957816343,7.466660871964,1
-0.237324538342916,5.97246235517473,1
2.11874730852853,8.58283488616011,1
-0.435672388299541,5.48601378594125,1
-2.97680173030184,2.73852559021652,1
-0.797530483300739,3.20623928988341,1
-2.69794361098487,2.90748744624974,1
-0.579500044174216,3.90670650737088,1
3.73549176892962,8.74710751095491,1
2.67684046719812,5.84241974612291,1
2.29580867002148,6.5562661669405,1
0.172619525146882,6.83648925034062,1
2.13151535617743,6.01062009047757,1
1.92870794223473,5.24713405181081,1
0.861994970788659,5.21267862899838,1
-0.593761272893907,7.24968042518769,1
1.75067300280478,6.00788426415052,1
-1.07815435976837,3.78298150730897,1
1.85782740553558,5.61719946370124,1
-2.27386883249119,2.28752293754,1
0.391853062472751,5.20956216692201,1
-0.617063884840055,3.81685241506433,1
-3.35995141350328,1.51861318466666,1
-0.439592540398587,4.12679721664404,1
-1.25045988849379,4.04082319490889,1
1.47940539516484,6.66432419640736,1
4.92745116296742,6.92906789537151,1
-3.80644988106901,2.07957565657185,1
3.71192616467947,5.09447875020008,1
0.861976198740296,8.66585953978149,1
-1.3720564096228,4.5750241305774,1
-1.88497784324702,3.69430501855528,1
2.11445661807474,7.12430209371764,1
-1.27375159434325,3.45123261685363,1
-0.554078727057456,3.49548985323926,1
-5.09782978856043,0.201935077500933,1
2.29690401107701,6.48930875678236,1
-0.944493415912175,5.46460828395878,1
3.0211985706986,6.26104586452063,1
3.23906577087636,6.82245794283542,1
-1.32921503723954,4.81762114689,1
-0.104460514201249,8.16810122744332,1
-3.36461875985961,2.18788460166363,1
-4.29474742997617,1.35685377145924,1
-3.16694597578653,1.70472940477927,1
2.64930153137892,4.99068753570826,1
-0.6378106609639,4.3446869839108,1
3.00971280602837,6.74526808873968,1
-0.0464169503451396,7.25073677161206,1
3.54780247209029,5.77430837178786,1
1.71341353827071,6.71908731814708,1
-0.987358639520931,4.74058756600228,1
-2.60906141103649,3.06596852928286,1
0.223709389015786,4.62707480878593,1
2.94947977131011,7.30629895256346,1
-0.563769999212758,5.17723630090471,1
-1.58181421925732,4.89850637792278,1
1.02642110124835,5.57511053177438,1
-2.36857671719056,2.3631750881202,1
2.47244930655649,7.29570839057548,1
-2.55195555468247,1.74558564254663,1
3.86591157508899,7.35259263291819,1
2.02311307239629,4.80260667726753,1
-0.454866046842179,4.74931527445138,1
-0.541491460570122,4.65121196498213,1
-1.06333557233507,3.21368313250149,1
4.26381097718898,7.53988732098822,1
-4.58511443059947,-0.0398113637217818,1
2.78027660561895,5.60971829170763,1
2.06018223701147,5.48753969180374,1
-2.78943298189591,2.99250476008342,1
0.530626272644529,5.03303205275726,1
-1.57072997200954,3.67458465727788,1
1.63635170430479,8.88964399434833,1
-1.2589656554243,5.31806800529296,1
1.88350863091583,6.06764177509219,1
-0.116927605812404,4.88970774198524,1
1.39994365381703,6.73621964217329,1
-3.79460301065776,0.877207885552986,1
-0.0412041117762345,5.25574028540283,1
-5.07891244845014,-0.0109987573940957,1
0.514138985336544,4.42983651928952,1
1.24697840881022,10.0315794754305,1
1.27900593047742,4.75909870533606,1
-2.16415496677647,2.15244580049914,1
0.332667545161729,5.99606605360358,1
2.8535083737699,7.58415620316487,1
-4.17876883470864,2.19573828957957,1
-1.83054074154098,3.8145836717424,1
4.34784870874437,8.52940505470141,1
2.55127984556587,5.09001429413566,1
-1.75321889083522,2.92251777112999,1
-1.36047862909546,3.99016763056084,1
-3.78447466027069,0.952898300981911,1
0.481294496464636,5.91429123781796,1
-2.41903474385087,4.0132661313958,1
-1.45337888991425,5.35882700959667,1
0.0227440353304037,4.26823733921754,1
-4.29566161947257,1.09537706769174,1
-0.507682226069958,4.47030370602829,1
0.196711241398686,6.78923559906586,1
0.126780202684918,5.88325088447236,1
1.77085016375311,7.41662551900472,1
3.25823135329629,7.7532530846197,1
-4.27755539121136,0.58943546452205,1
-3.60986513057749,2.190794876676,1
-0.22328996984042,9.00609227638663,1
-2.88154505006196,2.25017048767927,1
-0.72658501570846,4.04397704607094,1
-2.22802678360364,2.73149126446015,1
1.33629997491802,6.40412057673957,1
0.32876475409753,5.97180584087501,1
-0.8337006865071,4.41155623284389,1
1.64818292788458,8.94523657534271,1
1.04639547408425,5.59879115468676,1
2.61458114529353,9.658499397125,1
0.452929198885438,3.72505365181513,1
-1.1894536371946,2.45957049228084,1
-0.153526048371165,7.57993909896394,1
1.66389681027126,4.23678155647929,1
-0.718208289265563,4.16959452759304,1
2.61304460920733,6.88553984407465,1
-1.31648859230329,2.32160826591064,1
-1.44338135519655,2.49025680929312,1
0.582570536898575,5.22529236621297,1
-1.64870784991081,3.49778725112671,1
-3.48410592710571,1.53093517260543,1
0.228077295336754,4.00184333677267,1
-0.793608559617514,2.9277506960952,1
0.20823973060369,6.1900032363196,1
1.80476629979065,5.62861984188379,1
-1.1992298545215,2.63951941256474,1
2.24481092282699,6.12734685724708,1
2.95124110628791,5.95735310279211,1
0.023968866185618,4.34241195950264,1
-0.479446195386403,4.74839535872139,1
0.370273903614006,6.8445514615505,1
-5.21840398245719,-0.262376195853415,1
-0.187422421849974,5.41079280220051,1
-0.702324781866399,3.89377590240318,1
-0.441953076001327,5.06805245983448,1
-2.46270051619815,1.57759709844775,1
-2.98240775514104,1.69718787699262,1
-1.5251566329089,4.758864003479,1
1.64292309765012,7.67137367202509,1
0.826934732786283,5.34606853899913,1
2.17797186896685,5.36478819811584,1
-3.006327635469,1.54068095488955,1
-0.847711547206962,6.61691166653257,1
-0.192956484370936,6.93800168293903,1
3.55857961060969,7.81978757189336,1
3.4005369135794,7.70383124820774,1
-0.660371390109514,4.17480613639484,1
0.413572843489783,9.91464788414689,1
0.763835190261479,6.17533898699386,1
3.54100413203909,8.84400827463428,1
1.88909969725893,6.98510724415416,1
0.347826450354654,5.74951490104387,1
1.97401418589056,4.63054164681533,1
0.932795431240369,4.86340958414272,1
-0.099474585275479,4.00996879566165,1
0.44442249646383,4.86261110564459,1
-0.0275159853536408,5.86213428397098,1
0.751949906709499,7.72754342891071,1
1.21297966826839,6.79161416896023,1
-1.95060137726742,3.21519454925105,1
0.871803650385919,4.97162242131335,1
-2.37966648092233,2.48512062141859,1
-0.189615223193052,4.31523767370606,1
-2.16478187140957,3.77671247318207,1
0.600754056951911,5.77180507576079,1
-1.66058338771909,3.48616937648466,1
-0.894099055343373,4.97365228313583,1
-0.234146507936591,4.81901284223287,1
-4.24092440924761,0.315293566047529,1
0.0752411684334226,5.52697669041181,1
0.0358339678489056,4.189245753782,1
2.32749840008867,5.90877614457834,1
-0.174452774588897,5.41468772754301,1
1.31750990688368,4.26257380341638,1
-2.57884587842415,3.77563133465567,1
-2.65724880684091,2.71660664174366,1
-0.629852253497528,5.73846592749935,1
-2.71194407358677,1.53800636826198,1
0.961400209554929,7.07373516658512,1
-0.631383130863594,7.88953050453469,1
-2.83524918566082,3.96496152299929,1
1.32859438674388,6.1766418278163,1
-1.91582156482626,3.15832665979762,1
0.176983556181962,4.64244741364079,1
-3.38325406486881,1.47914553494726,1
-0.07150554430495,5.5950806399472,1
0.300977330102186,7.81480859101896,1
2.41817331678124,6.66752884585681,1
0.288632948823866,4.75773563576899,1
1.27616646799924,7.18212599215093,1
0.0348063681625334,5.73627867650701,1
-0.208690467230295,4.19957979198052,1
0.849604877221509,5.02034687713512,1
0.283951069589581,5.55543209755584,1
0.225967156741895,5.93122647104709,1
-5.69756762745906,-0.764757390463065,1
1.61761083819928,5.42957477770203,1
0.772262470844849,4.69029397666266,1
-0.430560499855345,4.7482278449111,1
-1.72137446874999,2.39814345294087,1
0.816596402716204,5.12937455645171,1
-2.14832802620881,2.69442923824907,1
-0.427255895840615,4.9933948980708,1
-1.64519321067399,3.71342541888468,1
-1.20176720907277,3.306951367332,1
2.42735944130773,5.71423780781806,1
0.570701291554548,4.86117130195621,1
0.256293038611659,3.36298375313518,1
-0.537029848253868,4.32177667478585,1
3.02679364544637,8.02456595662527,1
-0.661849453952919,5.69524153134542,1
1.18939677219859,7.56467539632044,1
-0.498518584945175,5.61902894869846,1
-2.08316262153912,3.94555753884545,1
0.423662514514296,4.73611930665242,1
-3.81622250600482,2.49165422051304,1
0.428146380144084,4.82857102574098,1
0.164525713482623,5.28116004232851,1
3.72704882498602,4.8030305478104,1
-2.72531662383447,2.412446658139,1
1.89187523916146,7.12343440478217,1
-0.873071182372606,3.16701693637951,1
-1.8335104558256,4.16249257833045,1
-1.73466724480025,2.3856789440792,1
-2.84190716126648,2.19157534435153,1
0.703277009891878,5.65925555063972,1
-1.15278046473202,3.81036599074521,1
-0.340692982346477,3.33380863391164,1
0.359432559533214,5.16133231603808,1
2.21692005962615,6.24314647803201,1
-1.94238101220502,4.02404027675316,1
-1.70483643585982,4.07243915374336,1
0.691790716520502,5.73935711349507,1
0.0130388105141318,5.32195373539669,1
0.764966359276511,5.50219705791686,1
-2.18505723806015,2.2445920508258,1
1.56014656381813,5.79937918903001,1
-0.141970123401097,6.3252413487987,1
0.853628758828251,4.7334905664467,1
-2.42787021402571,4.79347183498349,1
-1.77190376424253,3.91110977340147,1
1.83902064353083,5.2278208589526,1
-2.05272824312655,3.53999630543687,1
0.530244517819146,7.12503914136217,1
-3.09749473127821,2.17717419627432,1
-0.222505923592897,4.07904442174196,1
-0.145207839701115,3.67267702660453,1
-1.02859212044712,5.19254162433549,1
0.888356367572924,6.07263220712602,1
0.99209463360636,4.28591078227846,1
2.04121662348757,6.47978097076999,1
4.64844599036166,5.09477276170396,1
1.57931481696529,5.16674627600892,1
-1.01355714390558,3.47147443047357,1
0.3682197499353,7.20868244798674,1
-0.48042370538343,5.07058790127431,1
0.952246995066202,4.69983287541711,1
2.43838012784455,7.69075526258534,1
0.361103805510766,5.12125178790546,1
2.53715840268382,6.81849953689291,1
3.21766894591515,6.60252102889229,1
-0.103136019018571,4.08534005299904,1
-2.43734560528965,3.94923924699537,1
-3.01939122320922,2.04138713216357,1
0.860523899321533,5.37076285594913,1
-0.200303516523784,5.39326401941926,1
-3.23389995864164,2.31701852087826,1
-0.0389298185922579,8.52857656899224,1
1.13587749849032,6.8747967584633,1
0.374686513941026,4.61644714121351,1
-0.856512348724582,2.93906149284027,1
1.46679624396712,7.17507920787378,1
1.3994443039746,6.71352917421967,1
0.427565682150953,5.88110017904251,1
-1.11347938348431,4.64143786446645,1
-2.47324353066412,1.83984926709256,1
2.12936405413674,5.05328825543521,1
-1.99407135312941,3.61623240917743,1
1.30574671972829,5.05947003720417,1
-1.21102926948913,4.06802898300554,1
-1.14601663865247,4.86896394648734,1
2.34201226219159,7.27633783856904,1
-0.588306537547655,4.77331096270844,1
-2.48659920473514,1.97604469807631,1
0.929149357596646,6.93609342016908,1
-2.82176147629004,1.64196900671195,1
-2.50698884881517,2.45172528444864,1
-2.55180401908535,2.2357901928851,1
-1.76525968472793,4.08321578115153,1
-2.81932852499864,2.70466778451317,1
-1.67052355221293,4.04609321043055,1
5.66240052646047,5.93169689103738,1
-0.255294403294137,5.1894698127425,1
-0.944850804646531,2.73657746205637,1
3.45088275472162,8.90320376894421,1
1.41581886405682,6.55090094733106,1
-0.489080942384514,4.04099124447813,1
2.74725636202548,6.1084230953885,1
1.44170404741118,7.17649190845916,1
1.56592538107311,7.13039965444444,1
-1.06025216425137,4.50658578554844,1
-3.71840879943978,1.51974450017013,1
-0.198408882411065,5.22442551091124,1
0.00296701831186612,6.11221002476579,1
-0.996109692439291,3.45178369063299,1
-2.69922934830074,3.14310352470512,1
1.32531073277526,5.62689964242232,1
-0.393250299760779,3.67147965396606,1
-0.702630845680523,2.71368833342869,1
-0.359339837274914,4.72456133835888,1
1.08128757047121,3.50539531373548,1
0.960588833408321,7.55754815377888,1
-0.721265848672508,3.63217387369631,1
1.05342030635902,5.55987099375521,1
-2.70933624343164,4.30915770632916,1
-0.83893771912113,4.96939797857815,1
1.2847535142738,5.96143988931893,1
3.16382753859839,8.20050679994135,1
1.15033993906971,4.7780402086805,1
-1.74908743777265,3.38157760660559,1
-0.120167026813912,5.52944392982025,1
-0.542553370537509,3.94287079480064,1
-1.17796624794215,4.53860282543258,1
-0.253653062843166,5.02855329679871,1
2.23737172802696,7.62139509563109,1
0.993891006792088,8.04812433537571,1
-0.332736523226965,4.05917098745565,1
0.397656545974563,4.80423426813493,1
-3.31156001911947,2.34853100971132,1
-0.147839423067272,5.89727461848727,1
1.56444798631662,5.67511020855854,1
-0.118222345610462,4.20571797981446,1
2.54500947205087,5.42902544613617,1
-2.84929534538323,3.85606095485528,1
-1.69291189519455,3.01689619694353,1
-2.49395758308564,2.42093657662841,1
-0.846989465861618,3.57556439664184,1
2.3207627086486,6.59021017289154,1
-2.27640815693832,3.47449280863559,1
0.458485542341626,4.85669860518006,1
0.422358615940342,6.89389554090856,1
3.49033312029379,6.00726594074752,1
0.366779170084911,5.7703615912651,1
0.654164341122923,11.5020603486747,1
-0.234056635551275,4.02992207873955,1
1.68766713114353,4.73105851345641,1
-0.380466221820134,3.71989218846818,1
-2.06147773929193,2.49251258282354,1
-0.246343066495016,6.31676314174461,1
0.598095403393839,4.92959750035129,1
-0.0263982727658251,5.73110680865166,1
-0.495918943046636,4.96253454678945,1
0.894040243810732,5.90191112472353,1
1.34920607919871,6.41580534441491,1
-0.539484359644752,5.580250028537,1
3.22414450632927,7.15119181901804,1
1.52937949927209,7.58382494685971,1
-0.385993014146216,4.78941423549032,1
2.48919842040902,5.80979411185437,1
-0.592781307758026,4.44801270661947,1
-0.154021501705543,4.82346635694511,1
0.132735110623874,5.41720917146926,1
3.62515894921307,6.39442117452435,1
0.821502059616705,5.12323625623906,1
-1.86103383877268,3.35326972252913,1
0.198850922026624,4.82600569961337,1
-1.16061085837624,6.77531752240091,1
0.251008065435861,5.69126087433221,1
0.88871231759388,5.19182808291991,1
1.39247338553779,8.1695605049709,1
1.27971699600082,7.00886489953716,1
-2.8896919565764,2.46783337471216,1
0.214280168227223,3.85699733069195,1
1.31989336544985,6.69093190661933,1
0.324760637120216,3.41964865473308,1
-0.464842340956235,4.79174523410315,1
-1.31016226516364,3.2276079274842,1
-0.227644047297764,5.15515296315567,1
-0.591518067808271,3.9958634954847,1
2.49149441234509,7.76436975976405,1
-3.51380672369505,2.32805088464107,1
-2.13201224482617,3.72920762106712,1
4.34370725502146,6.75021704153119,1
-4.07703785040007,1.12315797789695,1
3.81766926203099,7.96986508864099,1
1.74651442446817,5.03153652074733,1
-0.203946439120164,4.81821211870177,1
1.40615360400452,6.03804060020286,1
0.664141183606551,6.94977914119412,1
-0.0145007441140149,2.8015751355919,1
0.426470087537435,4.68004866393327,1
-0.825051162781257,3.78118535000007,1
-1.37817450680702,4.65900297107829,1
1.21216600551647,6.21802585332671,1
0.633248140472525,4.13078736182157,1
0.427220460988039,6.64043269713419,1
-0.792477156815148,5.31028598487602,1
-1.24090373305818,8.11482978298167,1
-0.747657785004209,3.96611874199078,1
-0.437436180091026,4.92656649616531,1
-0.977177514582033,4.61751914737281,1
-0.612563536477124,3.88775126828885,1
0.728902951334931,5.0048658011739,1
2.0070168946771,8.39980534621676,1
-1.1425514631726,4.56089213556124,1
-0.170802251257581,5.49069819375529,1
-0.353514499489615,5.42992550922115,1
2.51849511840843,11.1762088301377,1
-1.03178368022033,4.53668928429278,1
-0.199801614271351,5.92520137509269,1
0.29459468263043,3.65632881802884,1
-3.75559022057734,2.23197207778066,1
1.87733776817222,5.93120161223309,1
-1.71645107889047,5.08087050798377,1
3.25126125122488,6.8522227207687,1
0.686336091647618,5.92504669713298,1
1.25881322323947,8.26675034949391,1
-3.35050956243209,3.18547258004278,1
-1.16201553006828,4.15606306065469,1
1.62442494790806,6.79355727886781,1
0.958400833497714,7.88990181015969,1
-3.20681324563821,2.8576237263929,1
-0.651012407017134,4.73359956928813,1
1.34324484329346,7.60988572510959,1
-3.07036439716097,1.93176337437406,1
-0.296916925800477,2.94879645637431,1
-3.17891441134088,2.35158643711693,1
0.104142377893716,5.05008220621594,1
-2.72888845435001,2.51372124182557,1
-0.00255819453347083,6.66243653608031,1
-2.08404631333537,4.33640449744146,1
-1.63512410086064,3.9579925545292,1
-1.11472015293495,4.72934411650758,1
1.39956359097043,8.01642140672637,1
4.31874523982137,7.58071549513843,1
2.00728570892561,7.20562233723123,1
-1.5177234016094,7.0751859645159,1
1.4145334104385,7.47743984870253,1
1.55603350903056,5.04255913301675,1
1.66837834307988,7.53061314346843,1
-2.36119600890209,1.66600343089604,1
-1.87481085722777,3.10031840105407,1
-3.67705236891728,2.20033233501425,1
0.365952727862692,4.55118087163207,1
0.90981056670815,-3.73558459767698,2
0.973869344730081,-4.57274393833667,2
1.59469721976601,-2.81702324399757,2
-0.952837399020342,-5.21376461461815,2
2.24939419539608,-2.70953272004104,2
0.795578627366681,-4.00604089292322,2
-2.43959534138967,-9.02480241551383,2
3.10958584573566,-2.35933489147869,2
1.31871291808783,-4.26385378900584,2
-0.256266148489068,-6.90537670022442,2
0.340665339664408,-4.33180068880521,2
-1.45797569946214,-7.01438308227565,2
1.47772040703308,-3.99322207441511,2
-2.20667789438449,-7.08677289844222,2
-0.0456253569176651,-4.99100424221914,2
-4.6169950012803,-6.00522405922349,2
-1.86122522732962,-5.18832096710231,2
-1.74582600935074,-6.47616960930945,2
-3.32177203721225,-6.59140040174236,2
1.50710896129197,-4.30334876813802,2
0.653811221914986,-4.12427948766936,2
3.48583788497242,-1.60690266505526,2
2.9822666974013,-2.90895298407577,2
-0.794945897474202,-5.96834093120356,2
0.962828763026923,-3.03816356958918,2
1.46456971720207,-2.29477898772612,2
-4.49930948963515,-5.61050950514309,2
1.7918149075849,-4.01074631584445,2
-1.72610439740545,-5.26514793227865,2
-0.548218314844081,-5.92979683915512,2
-1.01695538999313,-6.31490640253132,2
-0.110712862771267,-6.56843778469553,2
-1.90281820603534,-5.71757775349112,2
2.04867698103773,-2.84530990499883,2
2.10075519996874,-3.1311230615476,2
-1.20863893401548,-6.85114542232949,2
1.94043838708181,-3.47865909220348,2
-0.236232116466588,-5.11656291341713,2
1.839459503602,-3.19963457898569,2
-0.0568357631419545,-7.16012541291044,2
4.00330083873997,-1.34028213234251,2
1.85707742744855,-2.41895822482363,2
3.28460160450375,-2.16690203651713,2
2.85465063632676,-3.83719588565785,2
1.0195477440827,-5.08204509295462,2
0.632525848339506,-5.29762538041843,2
1.39232821371975,-3.95377530322736,2
-1.43464057982948,-6.07519261100129,2
1.16527505162421,-5.56218093051686,2
-1.39364258477092,-5.60011156514435,2
0.939119227030881,-4.33701986814979,2
0.824754166104396,-3.64858195745909,2
-1.02797877363216,-4.22578410883922,2
3.87723575382453,-1.17061571385317,2
0.181750324281978,-6.68003224466495,2
-1.5366931368955,-4.57879075976345,2
3.20586416511094,-1.57371213117078,2
0.583028413652616,-5.93907213720313,2
-0.549170774063152,-5.01658538791085,2
-0.896956245960327,-4.81236484141183,2
0.493463908327601,-3.12591274752059,2
-0.387047298989879,-4.51812265954908,2
0.104093937213306,-4.0774213060052,2
-0.424641632854764,-6.26638274858673,2
0.998597350232913,-3.7399588393898,2
-0.631523715413146,-4.53813424610077,2
0.334119268904773,-4.27793466628371,2
1.47566885537635,-3.47695611976255,2
-1.67532435440085,-3.95034285703802,2
1.70948944084345,-3.56459144248439,2
2.90543716674334,-1.97821631014402,2
1.21632887923918,-3.88204100165123,2
0.401132980277373,-4.91450340000016,2
0.851353328591789,-4.40658597892798,2
2.28212050328516,-0.815784473050181,2
2.41505892703196,-2.69816905511784,2
1.24055004756309,-3.95272032032393,2
-2.60524358298945,-7.1883885456055,2
5.15651063280725,-0.43177101644447,2
-0.324817877844547,-4.78184323106569,2
-0.62196323572068,-5.99712338129495,2
1.74726242180729,-3.9062310150909,2
1.28820384610492,-4.34294863816491,2
1.9308892257351,-2.82134866106679,2
0.547178169803898,-3.76974993439657,2
-2.04444945531749,-8.15297965373574,2
-0.377609408702539,-6.29172137129693,2
1.37714884070072,-3.51486276353541,2
-1.13031607669103,-5.2211789131603,2
-1.52472611243253,-6.84523872791139,2
0.715527640886381,-4.48451786991275,2
-2.86673986435309,-6.58014092712579,2
0.390008140918481,-4.91661583016334,2
-2.53038595929299,-6.39177999576913,2
0.104797629317499,-4.50550073313152,2
-0.490987038770112,-5.15030110375654,2
-0.726790082706067,-8.11039028278227,2
-5.10373031988003,-7.63664071330955,2
2.27134097618243,-2.27344297856966,2
-2.90142565279871,-6.83751602641038,2
3.48539233803338,-1.51294374651162,2
-1.89538591061802,-6.05997625893119,2
1.52576046625158,-2.81576445433297,2
1.04609502737603,-4.58907960295453,2
2.21231804356684,-2.90160090288832,2
1.64228516910927,-2.96718240496756,2
-0.839265129874144,-3.94253914098109,2
-2.491183664226,-6.64860206812072,2
-0.546198582359361,-4.33330426529536,2
-0.703225931065155,-5.02728494948096,2
-0.561360561492598,-4.2984755347854,2
1.07706485604501,-3.33218494095359,2
4.39118364766859,0.0801353152770252,2
0.398713027172689,-6.05896947125116,2
0.210801481394024,-7.26511584286585,2
1.17462435860681,-3.34093204152144,2
-5.10229902995765,-6.3444549664866,2
-0.332157135393234,-3.68674124928441,2
-2.52752007952884,-6.84457705304864,2
-1.24938332463578,-4.94224560792149,2
1.92042479654335,-3.20080237377825,2
-0.617706725587491,-5.50741988268771,2
-0.556846123137089,-5.74295941396304,2
-0.62085062202089,-7.03331367366622,2
-1.041669231023,-8.92465542767652,2
-1.72275141043997,-9.2581095536881,2
3.89635823630483,-1.60552514731196,2
-1.50479205732584,-5.57058600167928,2
1.01218575542171,-5.53408945763275,2
1.73654253185617,-4.06585330471592,2
0.885365639235385,-4.33093156817177,2
0.251266220074924,-5.87362584422634,2
-3.08314111955147,-7.14899243265603,2
0.535728625048462,-3.96623354924962,2
1.75600851917213,-4.29411461397637,2
-1.80084974630484,-5.80549033130108,2
-1.22922311931898,-5.68529444761417,2
1.2854753467601,-3.87591814476516,2
1.03561183270676,-2.99379787296979,2
-0.954783922065632,-4.88961722145372,2
-1.94010159810879,-9.97808732103612,2
3.5354316146351,-1.57677590993274,2
-2.47507187141062,-6.32178140510574,2
-0.144086564578722,-4.63217843336221,2
0.541366555197505,-4.11448962884667,2
-1.05375851136827,-8.6358642494735,2
1.53519879422627,-4.39688850835158,2
-4.6129961664113,-4.10400445291142,2
-4.59895879797323,-7.84912087325769,2
1.36487550214578,-2.83699602018768,2
-1.4194753101215,-6.08605867845823,2
-0.382993096137896,-6.12904720181135,2
-2.09762045012582,-7.39608552769309,2
-0.194982634733454,-4.40685475862274,2
3.46691646670726,-0.257533977172476,2
-2.41251112992216,-6.13659588049614,2
0.441601490067547,-4.90326511765325,2
2.0520012234112,-4.74358197679434,2
3.10202028758308,-2.69509007535339,2
5.68187866237947,1.32734221333099,2
1.14741336794189,-3.49188216646814,2
-0.934286371914798,-6.11490074873685,2
2.66690209298684,-2.96211893317919,2
1.19365100173645,-4.7474334067569,2
0.249490992760562,-3.22231148991582,2
-0.346537651520695,-7.8123809780609,2
-0.833163575161485,-6.27205863044138,2
-1.34184336757531,-6.57607278046374,2
-0.0646102059658147,-5.1193282810094,2
-1.34456908156409,-6.91406015462323,2
0.012702292995019,-6.08300732537151,2
1.71946748843484,-4.28267271139656,2
1.83580197712484,-3.70946909787688,2
2.58988080025402,-3.02875889090319,2
-0.31481988839461,-7.84116523543845,2
1.29917485837953,-4.80581216709902,2
-1.75537491115448,-5.90235013844439,2
-4.28928753354753,-5.47830220692948,2
2.5886760522244,-2.18646849551976,2
-1.31635720960639,-4.72453716650997,2
-4.50100504100713,-8.96641873773766,2
1.05868146239137,-3.68467165665027,2
0.633267474430017,-2.9426287787247,2
-0.00675241657206512,-6.10011103417805,2
3.17935875695033,-1.02963156197865,2
-2.07138365473899,-6.73855822611794,2
2.06135572241345,-3.58130096412094,2
-0.0818514540564593,-5.47227310183657,2
2.1462340077772,-2.9441385589717,2
2.71819852364867,-3.32161234598663,2
-0.683618240363619,-3.43566273487991,2
-1.16563750587657,-5.92284772705765,2
-0.806988918726727,-6.56349855104893,2
4.29883282168824,-0.387280048294412,2
0.925182717128234,-5.05954725288636,2
-0.617761802852239,-5.97793381036792,2
-0.981331262913778,-5.81658817271548,2
-0.435924424182089,-5.52934765878349,2
-1.15210894323176,-4.37682269073212,2
0.370716493544493,-5.68584239710947,2
-3.56939877447834,-8.14047004852614,2
2.7884182106018,-1.20933309528112,2
-0.329403605600312,-5.15986492584773,2
2.4509056022479,-2.04326912779667,2
0.373589461200472,-5.70887864389866,2
-0.70210051899112,-5.68516776548809,2
-0.465571459220705,-5.84801607945522,2
-1.61222443373955,-8.34868458209928,2
-1.29615447942854,-7.57114832065472,2
-1.91917279798698,-6.89288493041822,2
3.02440929647104,-1.79014637546843,2
1.09473302284224,-4.31919473253661,2
-0.195934517751178,-9.27439319214637,2
-0.957624217688545,-3.51314556032796,2
2.19522908490772,-2.91762161396432,2
2.88051390883803,-1.67535371864829,2
1.03761394279954,-4.96101235058153,2
0.102386938762,-5.01693283840691,2
6.23347775442408,1.10285828292818,2
-3.13463206284517,-8.24809408175372,2
2.64286621252974,-2.24475118122899,2
-1.97316222277778,-7.42358145142175,2
-0.909672042409672,-4.32909377023767,2
-0.433495511056904,-5.4598692924683,2
-1.24481228854964,-6.91066193596925,2
-2.54544841066511,-5.33402862916611,2
0.337400110659425,-5.15831074863792,2
-0.151620984319501,-4.44926140384621,2
0.172866617118873,-4.09013525053159,2
-1.09898310130922,-9.19094464460832,2
-0.954490928447053,-6.48948408833061,2
1.79418523947289,-3.25012160805364,2
-0.171061822852527,-4.85914427359494,2
1.87983314651782,-4.38545274607743,2
-0.0480756371212314,-5.05121663142626,2
-3.0196821803728,-10.0120712105616,2
-0.141141489481482,-8.67016782054025,2
3.5158365753327,-1.81665263019472,2
-3.61729899778516,-7.3215388644458,2
2.04303233565391,-3.23019486472725,2
0.485243323562366,-5.84677571412385,2
0.689463407431743,-4.0316989003697,2
3.53201923998919,-1.09713016924876,2
-1.5787662038938,-5.54670846104506,2
0.517740036107601,-4.03056647163999,2
0.351712055588444,-5.18801747506274,2
1.17030001954383,-6.43897778412941,2
-1.17151126999887,-6.22842231871283,2
-0.776760333710792,-7.15060093767354,2
1.79305408036812,-3.74933015742388,2
1.29288082888922,-1.90348918663719,2
1.13969576447012,-3.49756640843498,2
-0.107784014371983,-6.24193085503166,2
2.54227579501464,-1.77256564979718,2
-0.0454799161424942,-4.79500412038936,2
-3.28546879917225,-8.31030848056296,2
4.53537460498169,-0.152046492531726,2
2.14694933776893,-3.34901323136732,2
-0.491365230378955,-8.06119186312664,2
0.76730556700212,-4.03420103287545,2
-3.69846370653018,-7.72174922346994,2
-2.37071713653738,-8.76123113937303,2
0.971417815215958,-3.85920177278356,2
-1.63753867592311,-7.02739236692338,2
0.992982227923845,-6.97398948177583,2
-2.05808564879095,-8.40987261904211,2
-0.932430184081281,-8.37450940818916,2
-1.7115631531064,-7.20748375062667,2
0.361947187259429,-4.4695455266747,2
-0.0768513428309049,-4.21755939341798,2
-0.622974805165061,-4.66976706176024,2
-1.73305973537735,-3.82748927640034,2
-1.6272140834022,-5.17126514872937,2
0.221444023658796,-5.25206893354204,2
-1.35377105347228,-7.0765487745396,2
-1.97659707732116,-10.024213068158,2
2.7056845901467,-1.81030623038097,2
-1.02685675408122,-6.41022528802876,2
-1.39312789730812,-8.5108319485995,2
1.49250153308849,-4.16088273762922,2
0.59576107008892,-3.59445999786727,2
0.0773440318177528,-5.01712209517019,2
-1.09380416871679,-4.75898647156908,2
1.89880291641481,-4.28660210709759,2
3.71661000011501,-0.720635121461211,2
0.128453971102997,-4.21407790306528,2
0.663449490073038,-2.0688012638753,2
-1.64233319936041,-7.08720817756806,2
-0.878987181266798,-6.38996219228801,2
2.9708578014613,-1.51665972725104,2
0.285470575171166,-4.487544033812,2
-1.13407676185177,-8.66751702667961,2
-0.387541996686653,-5.29003581524517,2
-0.706677004293327,-8.02830367820946,2
1.2658452470043,-3.14651226472511,2
-2.83748491415775,-6.01851622268543,2
0.860012078941173,-9.15641438899167,2
1.61129089154552,-2.97345238347743,2
-1.45388357787837,-7.56270558778358,2
0.286448489873337,-4.47263603923112,2
-0.308042573321587,-5.15306684736088,2
-3.7973475091564,-7.40912759871765,2
0.0552122252837847,-5.81134952764267,2
-0.175854143085694,-5.40278832296146,2
-0.112618420917429,-5.72401834436574,2
-4.24747514888043,-4.8972709651584,2
-2.21303814872076,-8.36900806324604,2
-0.894927519248937,-3.87077635803169,2
0.847013000203131,-5.25406484224796,2
-2.79076111614022,-7.48669793279116,2
2.33991983204032,-1.56017297489737,2
1.3508704980142,-4.36442670043734,2
-1.66928384266211,-5.92320437237109,2
0.411443656833531,-3.03217490789061,2
0.667742872202318,-4.30440798583106,2
3.71507466337464,-0.684081196370332,2
1.73913734071408,-3.0198634058468,2
-0.19051926858495,-5.07527385235574,2
3.02523084698292,-1.90995690657467,2
4.25657505532817,-0.804273381315626,2
-3.74964242231636,-6.51026921552251,2
1.33528773388745,-3.52449073911768,2
-0.111202888205872,-5.30230411062199,2
0.593051007453191,-8.42921643125506,2
-2.13566957440852,-5.17321841301662,2
-1.23266498225956,-7.74782224503723,2
0.236965694331547,-4.11404174567905,2
-0.632640855562914,-8.55171542572425,2
0.449380428242572,-3.52840328440097,2
0.337189593521139,-6.53435704891146,2
0.585536134286055,-5.0966473090125,2
-1.19256576909575,-8.70152817821102,2
-1.21553901660165,-4.25830744695,2
-0.584120008783836,-4.41360487645068,2
-1.05979597899163,-5.43239986066369,2
-0.874884456749475,-6.62217228251486,2
-1.84512954602796,-7.93012958243724,2
2.59145704655764,-1.7791852258313,2
0.178676771584974,-6.11476211868486,2
-4.94653758505437,-5.74247324679079,2
2.28321678911719,-2.94599095787333,2
3.12259539684034,-1.85059507366678,2
-4.52580936107248,-6.77598150781176,2
2.12477478917302,-3.63071696941235,2
2.08782297800487,-4.34897166598139,2
1.87823195842253,-3.69237510792527,2
-0.434141284300262,-9.41931453092814,2
0.643682240316736,-5.6917086644088,2
-1.61424452163519,-6.48204827321717,2
1.07521936118015,-5.44911483171547,2
-1.53264032431464,-3.98364380802283,2
2.29282399821582,-2.76699345698335,2
2.23069536090833,-2.63219541634765,2
-0.694021642391258,-8.36509774541643,2
-4.20010876892618,-6.66056824619611,2
2.02340662446357,-3.44434126487141,2
1.8830352773369,-5.8387334951443,2
-0.628626089617583,-5.09937179939017,2
-1.5174086714719,-6.43635496673811,2
-1.52706108901459,-8.29701482891005,2
1.91002558683027,-3.09238805717375,2
4.38041412255266,-0.157707041509834,2
4.24191323937175,-1.26457492420197,2
1.07295165546771,-3.64960862587797,2
2.47969829485186,-2.20338637548228,2
-0.957252465793884,-7.20008694268552,2
0.500526004176955,-3.83998308365017,2
1.22059748492804,-4.90593856512508,2
-0.686246040290226,-6.69500318492187,2
0.77549193074749,-6.04740256182025,2
-1.88392596756348,-7.26912824855708,2
-1.63662772604557,-4.04696638753833,2
-1.57610216229689,-5.20272145893505,2
-0.678253282424258,-4.5666031028732,2
-2.52257094108622,-7.21169488556142,2
1.96354242892617,-3.21778431536982,2
-0.0321832532775664,-6.25569472896164,2
0.123205640493995,-4.23652666412702,2
0.328334407596769,-3.64750005854567,2
0.191843189565265,-4.24189390258688,2
-1.4614656177557,-6.213617805612,2
6.03185468976573,1.23054418172309,2
-1.77865263103186,-6.77520158422998,2
0.0843556074680342,-4.85341981355991,2
2.83719020598176,-1.72340982180248,2
-3.41300300592516,-9.26744201225422,2
-1.79440545656387,-5.10109155630323,2
2.96975423653415,-1.78221893527227,2
-3.72895821177373,-8.14180197204996,2
-0.401086651057279,-4.1264922795908,2
-2.56338370623775,-5.82369138211602,2
-1.54251836807715,-8.64421650640597,2
3.84634319983341,-0.701309521354973,2
0.094068200243137,-7.05986405552454,2
1.64226898535845,-2.48756594780618,2
-1.02212646047793,-6.50286668572275,2
-1.36760596353303,-5.36370719113534,2
1.65311472076131,-2.88962939082586,2
1.11065862147959,-3.25939354402139,2
-1.46402651520059,-7.64503520938932,2
1.15675556444596,-4.31802114110004,2
-0.12789736666707,-4.51525914719327,2
1.58498552581476,-4.33326783960867,2
2.29266125235993,-2.72943621575969,2
-4.08989502300729,-7.37029337323214,2
0.84359742673162,-4.61991308643836,2
-1.28334819300671,-7.95523627173425,2
2.64275349420013,-2.19778600561551,2
-4.2290123248153,-7.58953406580688,2
-1.14917215158535,-5.43180835641591,2
-3.22298698585508,-6.52572297300292,2
-1.16478663515541,-5.25938352109941,2
0.222309518938664,-3.65742779429702,2
-1.12693089050388,-6.42641502689118,2
-1.37743034984395,-7.41658402799901,2
-1.35620818625924,-5.84977970669695,2
0.365846889764365,-4.76304719012802,2
-0.424327047178036,-6.02135538779511,2
2.15473270446231,-4.05328574601038,2
3.50462803470035,-2.19372656841524,2
1.16916338184962,-4.65822455856225,2
0.746339861007458,-6.62217805644646,2
-1.67535402059908,-6.6962699369368,2
-3.45461499118411,-7.1772617125777,2
-0.248208292402471,-5.86644881379838,2
1.86513051547149,-3.02610891575044,2
-0.696584165452983,-7.2432897675233,2
1.11439709141163,-2.2171407758132,2
-2.62988167760763,-5.70046430382687,2
-2.56013411882931,-6.84236830666952,2
-0.477592984464645,-6.13797325443526,2
-0.862578672606394,-4.30712948782512,2
-0.664329419917267,-5.99636684145446,2
-2.87749894193049,-6.88747263684313,2
1.03283030424626,-3.23804905558265,2
-6.01816296241935,-6.99898759173253,2
-2.00205832054961,-7.51917324168709,2
-2.64926523621749,-4.79337127111888,2
3.11592621074955,-0.951972962286298,2
-1.14275995491397,-6.69494336858396,2
2.83030385342394,-1.87690065009445,2
-4.70838758413787,-5.75293721037171,2
1.85137224621205,-3.18212306928166,2
-1.46754716912335,-5.90907816276334,2
0.780522175249187,-3.00792728319627,2
1.04225562150676,-3.5437274534456,2
1.56634670274272,-4.51458510491231,2
-0.0457272344889474,-3.94107659885927,2
-0.248423135968467,-7.15486931095999,2
-1.35829656117128,-5.77645205896071,2
1.34336053601177,-4.6325890589968,2
-1.3623996989391,-3.93551973876651,2
2.30268791580258,-1.99463466387749,2
-1.47554097265717,-5.78501357992557,2
2.49454983166222,-3.32219383369405,2
-2.22717142901836,-5.52656428302895,2
-0.19890392750302,-4.92635326507104,2
-2.87231341200198,-5.46917330324558,2
3.9208528049101,-1.39679155248849,2
-0.752148309315578,-7.98513175920751,2
3.3892873794114,-0.984900984773518,2
-5.17646981906701,-6.51778215907394,2
6.1478011318147,1.29666053073319,2
-0.413159841069652,-6.60738196872543,2
0.118814993755016,-4.23391063153332,2
-3.23163125840965,-4.59071042285501,2
2.98623961368113,-3.66173977735288,2
-0.228979143800097,-5.76620327287003,2
1.07468408441989,-3.48529065763349,2
2.29183595965723,-2.77708047980034,2
-0.0324703512170788,-4.95660662361319,2
1.52643404776397,-4.3267498866731,2
-0.829415272493621,-7.10609595996701,2
1.05519976742697,-5.39425522825811,2
-0.413785755581315,-6.62534839401986,2
-2.32214241288068,-5.87951529244159,2
0.61370676312631,-3.77257871828164,2
-0.220081380660337,-6.20504451721404,2
3.13330860407689,-2.21199279411139,2
-0.18413142945473,-4.96729795492621,2
-2.4083020097362,-6.54107392475622,2
5.02823615657714,0.146520127368151,2
-0.511435784755575,-6.06054900623341,2
-0.48438751108685,-5.60021554022396,2
-0.943131575100726,-8.05616435893419,2
0.976366698159745,-5.37179820330702,2
-1.44380682910786,-8.56472795630888,2
-0.396374309820875,-5.08005927237373,2
1.93503009716751,-2.3638749210931,2
1.51747556101218,-4.18498118190588,2
2.34546451321775,-1.92503351047696,2
-3.18838362288816,-5.60412089883503,2
2.33328700951012,-3.65524635952956,2
-3.24405959692796,-9.40668120396384,2
0.0439812490461729,-5.58728282426256,2
-3.76637720702234,-8.73010599214498,2
3.52572729793509,-1.10216347360805,2
-4.11930161829125,-6.96092383369993,2
3.99230889104371,-1.1542033413558,2
-1.5299063992416,-5.4133305224899,2
15.216101776639,2.26228205514875,3
16.5795871843209,2.56336537719958,3
19.1611479948225,5.26255516982656,3
18.4411603888198,5.17965893068538,3
21.3153705209002,8.2660861337015,3
18.3934143907214,3.10556021303471,3
16.2593930211487,3.44164722901326,3
21.8516784166075,8.95110889195309,3
18.7593799376994,5.23799721613383,3
19.2675104976428,6.27628760329625,3
20.0022790179136,6.06597407641442,3
17.2351638981086,5.20531141212998,3
15.321547618081,6.14210921465703,3
14.8706709820803,2.28674101856909,3
15.2019593216621,2.3427521249194,3
17.6816578471446,5.00750540512622,3
18.3692229442519,4.82025301838468,3
16.1780368606123,5.3320019296681,3
15.7960596185543,1.90029881586932,3
20.0818860171568,5.10922819075814,3
17.947689010536,5.59703143224925,3
18.1573217754416,5.2130531551517,3
20.9228334121844,7.57792709012405,3
18.2932982519488,5.00718235427127,3
16.9151487602312,4.04528872187055,3
16.4840065472848,4.66019823643773,3
20.7955902588673,7.25606840425219,3
15.692418953422,4.7526733232412,3
15.7102269278089,2.61930213615339,3
19.1832404057118,5.29391119597152,3
20.7389705330815,7.77351547192713,3
24.1414149080241,11.2990364914875,3
18.2624762560613,5.78740572962647,3
20.5788725131568,8.25502395992077,3
19.6785936823763,7.38621951580809,3
18.1420135855471,5.11686070896861,3
18.6399573244626,4.05709519495797,3
15.0600951743506,1.12377125507793,3
15.7906921067548,2.84983244226242,3
19.7418888993918,5.51819047805548,3
18.3082516378359,5.61397777816252,3
18.773232916738,6.24334379026589,3
18.6013496354123,5.5844594468566,3
15.4270248532277,3.28087351583844,3
19.1070446123653,6.01879869060558,3
19.2348548559507,6.17256932373,3
15.3512406281096,2.06121848921704,3
18.374954782223,5.33081462731022,3
19.6127136294056,7.59649968789202,3
18.7981174898601,4.95448708584464,3
15.1370738040736,3.24503955564624,3
17.1083701302527,5.42994988755685,3
16.510213163143,2.97889828694254,3
16.0787704840388,4.69590751102568,3
15.7878415188495,1.66901012058223,3
16.0696998283937,5.20093912642314,3
19.8440260325306,6.92222715355136,3
19.8141269964592,7.35033393565311,3
16.1185834248675,3.29550908712486,3
15.8224808197881,1.15290312072204,3
15.5596516004981,3.70445282325128,3
21.0408333106136,8.23197632406674,3
15.916908958746,0.834461982149547,3
19.2855040974314,6.07019616166784,3
21.9328787981446,9.3927961967155,3
17.7431819692448,5.43071090983542,3
15.1974782811854,1.48204945553928,3
19.3693002032828,5.53088813854202,3
19.9234593971563,6.91158156826656,3
17.0261944834416,2.56690054122903,3
20.1331058092591,5.92090363290272,3
16.6821507571257,4.12496793733946,3
17.0034684340431,4.46627685637754,3
18.2331616934557,5.53193357691563,3
16.802979813987,0.070216755349132,3
18.6020610183726,5.27597943786676,3
18.9868635575969,5.38374607165522,3
12.5505321788914,1.81064795102252,3
18.5034028088761,6.31831972807538,3
18.0959757749761,4.92060216641575,3
18.3598593813082,5.70326266198147,3
17.1113874878996,2.67427187823564,3
19.2777338011567,6.01746896649723,3
17.5209115663454,2.80868142273203,3
17.8645483499121,4.28846596521587,3
18.2607525065018,4.12421616504176,3
16.9037225220277,3.43638131006056,3
18.7774736537397,5.84478323189361,3
17.069521386251,3.2985222790747,3
16.8519393351291,3.62937482586726,3
19.8809411089407,7.6652983329106,3
17.6617636383475,5.51146177134567,3
15.9606632795878,3.41066952677469,3
18.0199475291267,4.26833054103609,3
19.4756741240803,6.11106478951677,3
19.0036992190895,5.62220004773511,3
20.0312245314651,7.48909941852681,3
16.7166913444715,4.00453557700274,3
21.8960797907037,7.59577610300074,3
18.1484326925238,5.92358244245814,3
16.5200527297747,2.1713380476929,3
18.6831241390279,5.5573121925105,3
19.8859139257124,6.51502793718171,3
17.923385862174,5.88495894195953,3
19.6254974964679,5.68425282525795,3
19.7288902203662,7.06582108748429,3
17.7420862608293,2.66897591573031,3
18.1738825985184,3.58567638970963,3
18.4167232899274,5.88881611440046,3
20.2910770389678,7.43297913373266,3
17.1008272724769,5.25867881386975,3
17.3302455071113,5.25373028007911,3
18.1227134108818,5.0884397012213,3
19.4227320238461,7.14593024134653,3
19.4219303978832,5.7699813537654,3
18.8149493621643,6.28445377335738,3
20.0704672723639,4.31743134567431,3
16.5448439738899,3.79093362920221,3
16.6358562973643,4.18341748334288,3
18.2293507151157,3.80157415734719,3
15.6630546457823,1.73803277538322,3
19.7573365909495,7.65092833497031,3
21.345836354262,9.05915810276162,3
18.0795768284545,4.33817711563034,3
16.2892233037427,4.6912403386304,3
16.0308414555675,3.1162625671549,3
15.9138804090666,2.86395182890927,3
17.1520779318511,5.00139899846509,3
13.7167094709249,3.98407490937922,3
19.5772987949506,2.87071740048742,3
16.9337834071245,4.88641957715533,3
17.3330187480266,5.37284486385108,3
18.3556665609866,5.35332848252881,3
19.9898323768842,6.75118160078901,3
17.562062927243,4.01553618549886,3
17.9367248183858,5.52486421628712,3
18.6702293422799,4.43877418928343,3
15.3739062181661,3.17666921248344,3
17.1288113234854,5.53792745802956,3
17.8897757314191,2.59318631601617,3
16.3384220624661,4.71976093776787,3
19.4785265683682,6.98252222282883,3
18.2978111749508,4.84701073930137,3
21.7525434262592,8.47263227689674,3
21.6044929644672,8.50497203596779,3
18.1645686895826,2.89655507194453,3
15.1319100985078,2.79683570645791,3
18.4326162587835,5.48009681216527,3
15.5650290272913,4.01243023696025,3
16.0092264442322,4.01290749411988,3
14.8212537249678,3.44642587489255,3
18.9253058755757,5.32408592683427,3
14.3048697612243,0.805408599300894,3
16.4422419181555,4.71501692198409,3
19.2067839913013,6.08029139893434,3
15.0139712500274,4.55868599397577,3
17.9749473213409,2.81803187183187,3
20.7007436447427,7.08520488178245,3
17.3524186141718,4.79200239692056,3
16.3607852898294,3.47738285264286,3
17.9573709964058,4.74054666225737,3
17.3704369858524,5.34053592580437,3
22.6709219547521,8.68315514020462,3
17.0328080389987,3.30292359472527,3
19.5579561677188,3.61393316386311,3
14.0156533606454,0.858569565467539,3
15.5733280635109,2.27740582391033,3
21.9635483506693,9.09162572450644,3
19.9245576587418,5.79554267956952,3
18.5440316746321,3.58765719624871,3
15.0136640251012,0.835567476301716,3
16.3575421420337,4.57852860437937,3
17.9898165556253,5.85816085317617,3
17.5026224938174,4.7871760654398,3
18.9649344998223,5.23766398430503,3
15.9059360217392,4.33957380797599,3
20.7533444065268,7.35498721883373,3
21.6844635796012,8.68466712444366,3
16.6661076879816,4.32745099568569,3
16.8186970033661,5.65521194019786,3
15.4564834565563,2.93550827963368,3
22.1878221530956,8.19522440137354,3
16.5277722862723,3.30548939330098,3
15.1940459713372,5.48408839037889,3
15.6559352962313,3.33711587008171,3
19.4640309067531,6.61677988796343,3
18.0673748791428,4.8182261882597,3
19.6271962365916,5.93275219478727,3
18.5433001467689,6.09348870474297,3
16.6469795677755,5.01515862127689,3
19.1965792400923,4.94159047547352,3
23.4996237860285,10.1107568015839,3
20.5628673343681,6.72649029422494,3
17.9157028003465,3.72797153263951,3
16.4193616544588,2.511989152836,3
19.4754400292667,8.75954388518286,3
19.8023344569882,6.61283188662755,3
20.3748998560031,6.88802633153327,3
19.3314682039159,7.1198505396827,3
18.9739923074264,5.95725704117155,3
19.2168631542563,5.2853421973255,3
16.7603225145083,4.28917269822669,3
17.7947713059684,4.86584687921249,3
20.2582350668115,7.19689671081809,3
19.1666347121086,5.23004689117614,3
19.8895623474096,6.33019196870139,3
18.8902685958531,5.52570052063993,3
22.8067849266625,8.62814370180269,3
23.5754662712168,10.7161656304946,3
20.0520313984142,6.0311138269079,3
18.991646137005,5.80571835938828,3
16.8958843683525,1.33259052546187,3
17.0489817956142,4.01633090173369,3
20.0093625932112,7.15928754278451,3
18.8750638465408,5.62384062216058,3
20.239929699618,5.87739271888688,3
16.167178151387,3.36501430894418,3
18.8199823397808,5.18839572108806,3
16.5848466931208,3.28416432106069,3
16.3331127712963,2.58532019313151,3
17.5264747686255,4.39873829621303,3
15.3074790420426,2.91621288558117,3
18.3844637333374,4.78337804954441,3
16.7279471701101,5.95299887036289,3
19.2017058078839,6.85539086509248,3
16.0024700359366,2.74246441222557,3
16.2935556029559,4.64732811396721,3
15.0632092687823,2.15652970181322,3
16.8851419072356,3.18424612883935,3
17.6535620100817,4.62039788318627,3
17.728750166831,3.30425499051332,3
16.3712185442826,2.14071931571137,3
17.2482791583065,4.37717885090338,3
20.4946817433388,6.788810589526,3
19.6781238891576,6.1219622838959,3
21.8740994545065,8.59357120569814,3
17.8483558773144,2.32782441236339,3
18.2914758147364,4.94988829358815,3
20.4426922342119,7.71351236458083,3
16.4786134706351,3.2129406265849,3
16.4548207430392,4.81696943848716,3
18.164304690557,5.2976464484348,3
18.1485625219145,4.95947456489896,3
20.0884734605999,6.95972216240245,3
21.115357746083,8.59737677097111,3
20.8942221027423,8.3461773607104,3
17.8418394027542,3.60716148970065,3
15.5008201109704,4.31247097305249,3
18.2541585500422,3.78237237549363,3
21.5700865046218,9.51543187247702,3
20.9741075721095,7.49997252412223,3
15.1343271357745,4.53118368994979,3
18.3506073279689,5.72806254355405,3
17.5502542091704,4.47078967378492,3
18.8606022591458,6.36817288339221,3
21.6737317705862,7.90944446454897,3
14.8465274160248,3.7783716377572,3
17.9903368305377,4.79788775755838,3
18.9760698411626,5.38661648882959,3
15.7738007329066,2.70803268598378,3
17.6203116061097,4.8668492616924,3
16.3971731594003,2.96936097659301,3
20.1416118956025,7.16985009521639,3
17.8206828726659,5.20521569060342,3
14.3902841045181,2.73036236617139,3
18.3484040044726,4.02963033997448,3
18.2282090876755,4.91645613012953,3
14.8376578388963,3.83749562776836,3
18.9846880834567,5.42043892676735,3
20.7503881732583,6.92351165895032,3
19.1510503742112,5.40061612315965,3
18.5836902511481,3.73829643909977,3
18.8176898163612,5.75114058705426,3
18.859788237801,6.27367438073024,3
18.1776989266997,5.16624865749646,3
18.9291226446012,4.97832612139746,3
17.1890444324142,2.58101478661959,3
20.2732685298613,7.9366961074493,3
17.574499719577,6.67242429399125,3
17.9902377397433,4.81930914691697,3
18.690327646062,5.95825054296681,3
18.4919123638828,5.1729771901461,3
18.9984308542799,5.93303530990703,3
17.2653143375027,4.36336150365121,3
14.6015580967765,1.39886442088612,3
18.8634726318712,5.69105291650269,3
18.1959727687827,3.3478489738979,3
22.4262358853574,9.48130381341297,3
18.4863487603528,1.41546487428722,3
19.2608444939857,5.42697958650662,3
14.8653065484366,3.37704494226259,3
14.6726666408367,1.18512540255498,3
17.304855979948,3.39506236042837,3
17.5191264663875,6.55061820159902,3
15.9819775619944,3.10332075369829,3
19.0392569781652,6.46844731109626,3
17.5106531370623,5.26459288269876,3
21.9239047152894,7.91063048409256,3
20.9100367329176,8.98563093050486,3
18.2250471128463,5.13239536939189,3
19.6211374450806,-3.36588943351489,4
15.2404721432835,-7.07977392449087,4
19.70881398644,-3.48393024329973,4
18.6188069314566,-5.41290958560962,4
19.7944051507589,-2.85950889559306,4
19.0874096532402,-3.83255783401896,4
17.4841097569369,-4.96164331850447,4
17.543969544449,-5.35381317912962,4
15.4547700694247,-5.8529828404717,4
16.8972321192905,-6.84646790862119,4
20.4360154812708,-3.90484804475389,4
17.6411028716041,-5.53640106697338,4
17.0185921867118,-7.28123395026291,4
18.3260086747123,-4.61551713778762,4
19.7662184832633,-4.2897624992743,4
21.0853441794073,-2.21939896746033,4
15.6657660293253,-8.62682957772995,4
20.1435574024107,-2.58314684743185,4
17.2053747470677,-5.93179172842727,4
20.841567500908,-0.366189177171251,4
17.7283338488955,-5.2286549276365,4
17.7138547936799,-6.75000222901777,4
14.1184981781212,-8.0708636955443,4
17.4292646758689,-4.77213729043052,4
17.2217019571327,-4.2161423674632,4
20.8713928529441,-3.83638369311471,4
19.403869948399,-2.87722122211632,4
21.43152832571,-1.60468385827366,4
17.5424738908163,-6.41487242214167,4
17.4359283065979,-5.75761149161324,4
15.1587297862565,-7.94479001129768,4
17.5032496295381,-3.24772169189452,4
18.7178295018682,-3.36018377975997,4
18.1403040214957,-4.43889405914094,4
18.7195904817576,-5.20065660875979,4
17.2700826867781,-5.67751566841818,4
16.7791409567172,-7.43477111883586,4
19.7409192426276,-4.82055164772949,4
15.6480711487398,-7.47322886574798,4
17.8316348833398,-2.94528639598323,4
15.1378757699171,-8.28416994550053,4
18.7329907492902,-4.13049594596938,4
22.9823222536676,-0.423883672739588,4
20.2134396935325,-3.9446476785512,4
17.0115462741039,-5.18250947692823,4
16.7699591576011,-5.04275621863369,4
18.6051389060694,-2.94796738013758,4
18.0813345434269,-5.89354767984162,4
14.2480481455203,-6.73767531821561,4
18.3466740073107,-3.47427907358647,4
16.930929958256,-6.67894869246081,4
20.0209347744203,-5.5008560841231,4
19.3259566820964,-5.17955460783765,4
17.8350545299304,-6.97448679660442,4
12.2477567511021,-10.4677885516021,4
17.9041625065935,-3.11027691000115,4
20.4988134386272,-1.89589317561573,4
17.2678066091754,-5.25699202680397,4
18.0645460622669,-6.5943863016746,4
21.9930556487425,-1.72380862799202,4
20.5255081013013,-3.16028754850837,4
20.5861691360535,-2.21241830206549,4
20.0041557211075,-4.16396141156494,4
16.5056395112038,-7.54391690935556,4
15.3370723524316,-8.15948610329399,4
16.2877728008085,-6.07542590273114,4
20.955498267364,-2.65032919932114,4
16.8649659503727,-4.61557015531775,4
18.631880767356,-4.61581740457869,4
18.8834909779119,-3.8238621029454,4
18.5624094345574,-4.54539925414432,4
18.6987817703429,-6.05321245266692,4
17.9951833276508,-4.36252211154008,4
17.9524545552997,-6.20943946064419,4
18.8668733535852,-4.41833354298055,4
15.8297661417392,-5.4828475575867,4
19.1624739901251,-4.20298026060318,4
17.6697853074953,-4.83267622012246,4
16.4663709294892,-7.14129469014378,4
21.2301240471261,-1.77191984946964,4
18.5015823099186,-4.66690994085676,4
18.3114375360056,-4.31785043092569,4
16.8294325093092,-7.1105289012526,4
14.2451306572856,-5.68720770870245,4
18.9542126141734,-7.24985365734934,4
18.7030009411815,-6.41774518940773,4
17.0974475529337,-5.66338918244422,4
21.7800031211378,-1.36248580507812,4
19.3118077474178,-3.26871036491706,4
20.4361640809582,-3.0025253321286,4
20.2583295043197,-3.58333569716421,4
13.6284341169723,-9.89177595326877,4
15.8282723699305,-4.87559808010825,4
12.7642539164421,-8.41565027145854,4
15.6773355337357,-9.41092852322486,4
16.2952028659341,-4.16499423964692,4
20.4447296238472,-1.43746994313611,4
16.4114838454768,-7.47893812429066,4
21.6438466569933,-1.27883465704982,4
15.1657373682085,-7.67923594881808,4
22.5906186450703,1.58863023146115,4
16.7522506967181,-4.32348887948691,4
16.5910768213779,-5.15636319624406,4
18.2642743877625,-4.02427851074005,4
16.843983276125,-4.78607243495649,4
19.0528774654849,-5.07794864986292,4
15.1219989604485,-7.06443567632191,4
20.1767760041186,-1.93092412557611,4
17.3602443268332,-6.42246783159688,4
22.1105556237627,0.507146653371604,4
16.3932187555897,-7.48206007057233,4
20.4127422021744,-2.38125291837876,4
17.5638838385659,-5.50275402157406,4
18.5155209565645,-6.56808121355036,4
16.8368896473912,-4.00573378567076,4
18.1905584895725,-3.26059238645309,4
13.8236449449176,-8.45078836491492,4
17.8557745469921,-4.61173905282191,4
14.0400916276033,-9.88955837716659,4
14.7447702996312,-6.72008177110627,4
16.8883883837291,-5.00399738695917,4
18.1394472119676,-4.09218883981991,4
16.4755381087505,-7.67681607434676,4
21.6699095243943,-3.89145293284019,4
17.4843312349549,-5.42919455619704,4
18.0450419707727,-3.45066851079911,4
20.5464876241758,-0.42073285106719,4
20.8737705331649,-1.23722337507261,4
20.1991082687056,-1.33127853076149,4
17.0021652522701,-6.39607735349021,4
15.6995658095631,-6.83830854202753,4
19.5394144883578,-4.10160812447636,4
18.9752315315664,-0.776438637185919,4
17.7073965824514,-5.00441905688599,4
15.0328237459608,-7.23108263716842,4
18.9953901047292,-5.03015163443207,4
16.4299352616535,-7.87277812059063,4
23.5614584940401,-3.19801390967544,4
23.0654156426975,-1.66794147811044,4
16.0234869724336,-8.7249323636418,4
19.3391065537851,-2.52985530753714,4
16.46498952811,-7.58503694402461,4
18.7946411862468,-6.60509395903462,4
18.5877577172319,-3.64562700152152,4
20.1150634867853,-2.11453599599438,4
18.8044454128995,-6.39933617109344,4
19.0651567399738,-1.36622231716207,4
14.8766148207386,-7.92756368081341,4
19.4723620837685,-3.68757059162957,4
17.8607328428881,-4.71305142040168,4
18.3142342701958,-7.32214266046356,4
19.1037122467066,-4.15482880517022,4
15.3030435245231,-5.38269568523361,4
17.6442866590545,-5.25385485365348,4
18.1198682705329,-6.38585985340856,4
15.2537439557305,-5.02456752061491,4
16.6122137812206,-7.39305336810113,4
20.4812875061789,-4.84766542181475,4
19.2591243902055,-6.89297699553503,4
17.7986299811635,-5.14996715245199,4
19.1274871946387,-5.1911625498444,4
16.5337087302912,-6.80531485308742,4
18.1983164585653,-4.74955998182011,4
21.0540307079637,-1.56815625345489,4
13.9486907980286,-6.96619280337286,4
18.0359254218401,-4.05723704609231,4
14.7666583714112,-5.50392102663386,4
15.9467992221299,-8.09449421713763,4
19.2697158588612,-3.3105658077877,4
16.0932290443141,-5.38143773981314,4
17.2940450498419,-6.11410953532063,4
18.2572720618614,-6.19449229382577,4
18.6537558738066,-3.6744515708747,4
20.3575933137319,-2.00586536175494,4
17.7074631545975,-5.56816821524413,4
15.1144997794568,-8.77734087406295,4
17.3731900261463,-6.4405115250133,4
18.2405490931039,-5.21730842715455,4
20.0974575186908,-2.33074646296566,4
18.073034443994,-6.24398135280407,4
18.2407772312621,-6.69312349732835,4
20.5260698089394,-2.69300642991511,4
19.6388643941862,-2.68347930087953,4
16.2489296083643,-6.96792055799775,4
16.7400113902734,-4.99474821010916,4
14.6859919179006,-5.41734752920056,4
18.1193566063238,-5.45161035136207,4
20.9972107244908,-1.40925646076147,4
16.7007048315157,-6.78567770978171,4
14.5380768857237,-9.41185405205186,4
16.7824834361355,-4.87153366578422,4
21.1047188062807,-1.84787242995807,4
19.9085406668526,-1.86112741229283,4
19.5302558614733,-4.4274192872994,4
20.6388946992708,-3.05242686207173,4
17.0487898620875,-3.57749454347478,4
16.3318374642767,-6.27971130167995,4
17.3706155767216,-4.57341839502593,4
17.0459707364914,-7.01141361024222,4
17.6373988243647,-3.99275414456249,4
